staging_inventory_id,source_filename,topic_family,script_role,permanent_document_id_status,lineage_preserved,management_action
tbt-01-01-hazard-communication-and-ghs,tbt-01-01-hazard-communication-and-ghs-v1-0-draft.docx,GENERAL_FIELD_SAFETY,CONTROLLED_SCRIPT,RETAIN_EXISTING,YES,Topic-family review before permanent numbering
tbt-01-02-respiratory-protection,tbt-01-02-respiratory-protection-v1-0-draft.docx,GENERAL_FIELD_SAFETY,CONTROLLED_SCRIPT,RETAIN_EXISTING,YES,Topic-family review before permanent numbering
tbt-01-03-hearing-conservation,tbt-01-03-hearing-conservation-v1-0-draft.docx,PPE,CONTROLLED_SCRIPT,RETAIN_EXISTING,YES,Topic-family review before permanent numbering
tbt-01-04-executing-site-emergency-drills,tbt-01-04-executing-site-emergency-drills-v1-0-draft.docx,EMERGENCY_FIRST_AID,CONTROLLED_SCRIPT,RETAIN_EXISTING,YES,Topic-family review before permanent numbering
tbt-01-05-fall-protection-and-elevated-work,tbt-01-05-fall-protection-and-elevated-work-v1-0-draft.docx,FALL_PROTECTION,CONTROLLED_SCRIPT,RETAIN_EXISTING,YES,Topic-family review before permanent numbering
tbt-01-06-scaffolding-safety-and-inspections,tbt-01-06-scaffolding-safety-and-inspections-v1-0-draft.docx,LADDERS_SCAFFOLDS,CONTROLLED_SCRIPT,RETAIN_EXISTING,YES,Topic-family review before permanent numbering
tbt-01-07-subcontractor-site-coordination-and-stacking,tbt-01-07-subcontractor-site-coordination-and-stacking-v1-0-draft.docx,GENERAL_FIELD_SAFETY,CONTROLLED_SCRIPT,RETAIN_EXISTING,YES,Topic-family review before permanent numbering
tbt-01-08-enforcing-subcontractor-prequalification,tbt-01-08-enforcing-subcontractor-prequalification-v1-0-draft.docx,GENERAL_FIELD_SAFETY,CONTROLLED_SCRIPT,RETAIN_EXISTING,YES,Topic-family review before permanent numbering
tbt-01-09-change-order-scope-and-safety-review,tbt-01-09-change-order-scope-and-safety-review-v1-0-draft.docx,GENERAL_FIELD_SAFETY,CONTROLLED_SCRIPT,RETAIN_EXISTING,YES,Topic-family review before permanent numbering
tbt-01-10-closeout-punch-list-safety-focus,tbt-01-10-closeout-punch-list-safety-focus-v1-0-draft.docx,GENERAL_FIELD_SAFETY,CONTROLLED_SCRIPT,RETAIN_EXISTING,YES,Topic-family review before permanent numbering
tbt-01-11-housekeeping-and-slip-trip-fall-prevention,tbt-01-11-housekeeping-and-slip-trip-fall-prevention-v1-0-draft.docx,FALL_PROTECTION,CONTROLLED_SCRIPT,RETAIN_EXISTING,YES,Topic-family review before permanent numbering
tbt-01-12-heat-illness-prevention-and-hydration,tbt-01-12-heat-illness-prevention-and-hydration-v1-0-draft.docx,GENERAL_FIELD_SAFETY,CONTROLLED_SCRIPT,RETAIN_EXISTING,YES,Topic-family review before permanent numbering
tbt-01-13-cold-weather-operations-and-frostbite,tbt-01-13-cold-weather-operations-and-frostbite-v1-0-draft.docx,WEATHER_HEALTH,CONTROLLED_SCRIPT,RETAIN_EXISTING,YES,Topic-family review before permanent numbering
tbt-01-14-severe-weather-and-lightning-stand-down,tbt-01-14-severe-weather-and-lightning-stand-down-v1-0-draft.docx,WEATHER_HEALTH,CONTROLLED_SCRIPT,RETAIN_EXISTING,YES,Topic-family review before permanent numbering
tbt-01-15-mental-health-and-fatigue-awareness,tbt-01-15-mental-health-and-fatigue-awareness-v1-0-draft.docx,GENERAL_FIELD_SAFETY,CONTROLLED_SCRIPT,RETAIN_EXISTING,YES,Topic-family review before permanent numbering
tbt-01-16-wind-safety-crane-limits,tbt-01-16-wind-safety-crane-limits-v1-0-draft.docx,WEATHER_HEALTH,CONTROLLED_SCRIPT,RETAIN_EXISTING,YES,Topic-family review before permanent numbering
tbt-01-17-fall-protection-elevated-work,tbt-01-17-fall-protection-elevated-work-v1-0-draft.docx,FALL_PROTECTION,CONTROLLED_SCRIPT,RETAIN_EXISTING,YES,Topic-family review before permanent numbering
tbt-01-18-confined-space-entry-rebuilt,tbt-01-18-confined-space-entry-rebuilt-v1-0-draft.docx,GENERAL_FIELD_SAFETY,CONTROLLED_SCRIPT,RETAIN_EXISTING,YES,Topic-family review before permanent numbering
tbt-01-19-fall-protection-confined-spaces,tbt-01-19-fall-protection-confined-spaces-v1-0-draft.docx,FALL_PROTECTION,CONTROLLED_SCRIPT,RETAIN_EXISTING,YES,Topic-family review before permanent numbering
tbt-02-01-demolition-and-structural-stability,tbt-02-01-demolition-and-structural-stability-v1-0-draft.docx,CONSTRUCTION_OPERATIONS,CONTROLLED_SCRIPT,RETAIN_EXISTING,YES,Topic-family review before permanent numbering
tbt-03-01-concrete-pouring-and-silica-exposure,tbt-03-01-concrete-pouring-and-silica-exposure-v1-0-draft.docx,CONSTRUCTION_OPERATIONS,CONTROLLED_SCRIPT,RETAIN_EXISTING,YES,Topic-family review before permanent numbering
tbt-03-02-pre-cast-concrete-and-tilt-up-operations,tbt-03-02-pre-cast-concrete-and-tilt-up-operations-v1-0-draft.docx,CONSTRUCTION_OPERATIONS,CONTROLLED_SCRIPT,RETAIN_EXISTING,YES,Topic-family review before permanent numbering
tbt-03-03-concrete-pump-truck-operations,tbt-03-03-concrete-pump-truck-operations-v1-0-draft.docx,CONSTRUCTION_OPERATIONS,CONTROLLED_SCRIPT,RETAIN_EXISTING,YES,Topic-family review before permanent numbering
tbt-03-04-concrete-formwork-and-rebar-impalement,tbt-03-04-concrete-formwork-and-rebar-impalement-v1-0-draft.docx,CONSTRUCTION_OPERATIONS,CONTROLLED_SCRIPT,RETAIN_EXISTING,YES,Topic-family review before permanent numbering
tbt-04-01-masonry-wall-bracing-and-scaffolding,tbt-04-01-masonry-wall-bracing-and-scaffolding-v1-0-draft.docx,LADDERS_SCAFFOLDS,CONTROLLED_SCRIPT,RETAIN_EXISTING,YES,Topic-family review before permanent numbering
tbt-04-02-masonry-saw-operations-and-kickback,tbt-04-02-masonry-saw-operations-and-kickback-v1-0-draft.docx,TOOLS_EQUIPMENT,CONTROLLED_SCRIPT,RETAIN_EXISTING,YES,Topic-family review before permanent numbering
tbt-05-01-steel-erection-and-decking-safety,tbt-05-01-steel-erection-and-decking-safety-v1-0-draft.docx,GENERAL_FIELD_SAFETY,CONTROLLED_SCRIPT,RETAIN_EXISTING,YES,Topic-family review before permanent numbering
tbt-05-02-hot-work-and-welding-fire-watch,tbt-05-02-hot-work-and-welding-fire-watch-v1-0-draft.docx,FIRE_HOT_WORK,CONTROLLED_SCRIPT,RETAIN_EXISTING,YES,Topic-family review before permanent numbering
tbt-05-03-structural-steel-bolting-and-torquing,tbt-05-03-structural-steel-bolting-and-torquing-v1-0-draft.docx,GENERAL_FIELD_SAFETY,CONTROLLED_SCRIPT,RETAIN_EXISTING,YES,Topic-family review before permanent numbering
tbt-05-04-metal-decking-and-controlled-access-zones,tbt-05-04-metal-decking-and-controlled-access-zones-v1-0-draft.docx,GENERAL_FIELD_SAFETY,CONTROLLED_SCRIPT,RETAIN_EXISTING,YES,Topic-family review before permanent numbering
tbt-06-01-rough-carpentry-and-pneumatic-tools,tbt-06-01-rough-carpentry-and-pneumatic-tools-v1-0-draft.docx,TOOLS_EQUIPMENT,CONTROLLED_SCRIPT,RETAIN_EXISTING,YES,Topic-family review before permanent numbering
tbt-06-02-wood-truss-installation-and-bracing,tbt-06-02-wood-truss-installation-and-bracing-v1-0-draft.docx,GENERAL_FIELD_SAFETY,CONTROLLED_SCRIPT,RETAIN_EXISTING,YES,Topic-family review before permanent numbering
tbt-07-01-leading-edge-work-and-barricades,tbt-07-01-leading-edge-work-and-barricades-v1-0-draft.docx,GENERAL_FIELD_SAFETY,CONTROLLED_SCRIPT,RETAIN_EXISTING,YES,Topic-family review before permanent numbering
tbt-07-02-roofing-hot-asphalt-and-kettle-safety,tbt-07-02-roofing-hot-asphalt-and-kettle-safety-v1-0-draft.docx,FALL_PROTECTION,CONTROLLED_SCRIPT,RETAIN_EXISTING,YES,Topic-family review before permanent numbering
tbt-07-03-waterproofing-solvents-and-confined-vapors,tbt-07-03-waterproofing-solvents-and-confined-vapors-v1-0-draft.docx,FALL_PROTECTION,CONTROLLED_SCRIPT,RETAIN_EXISTING,YES,Topic-family review before permanent numbering
tbt-08-01-ladder-safety-and-three-point-contact,tbt-08-01-ladder-safety-and-three-point-contact-v1-0-draft.docx,LADDERS_SCAFFOLDS,CONTROLLED_SCRIPT,RETAIN_EXISTING,YES,Topic-family review before permanent numbering
tbt-08-02-heavy-door-and-frame-installation,tbt-08-02-heavy-door-and-frame-installation-v1-0-draft.docx,GENERAL_FIELD_SAFETY,CONTROLLED_SCRIPT,RETAIN_EXISTING,YES,Topic-family review before permanent numbering
tbt-09-01-powder-actuated-tools-ramset,tbt-09-01-powder-actuated-tools-ramset-v1-0-draft.docx,TOOLS_EQUIPMENT,CONTROLLED_SCRIPT,RETAIN_EXISTING,YES,Topic-family review before permanent numbering
tbt-09-02-drywall-dust-and-stilts-safety,tbt-09-02-drywall-dust-and-stilts-safety-v1-0-draft.docx,GENERAL_FIELD_SAFETY,CONTROLLED_SCRIPT,RETAIN_EXISTING,YES,Topic-family review before permanent numbering
tbt-09-03-painting-scaffolds-and-chemical-storage,tbt-09-03-painting-scaffolds-and-chemical-storage-v1-0-draft.docx,LADDERS_SCAFFOLDS,CONTROLLED_SCRIPT,RETAIN_EXISTING,YES,Topic-family review before permanent numbering
tbt-10-01-installation-of-heavy-specialties-lockers-partitions,tbt-10-01-installation-of-heavy-specialties-lockers-partitions-v1-0-draft.docx,GENERAL_FIELD_SAFETY,CONTROLLED_SCRIPT,RETAIN_EXISTING,YES,Topic-family review before permanent numbering
tbt-10-02-signage-and-wayfinding-installation-heights,tbt-10-02-signage-and-wayfinding-installation-heights-v1-0-draft.docx,GENERAL_FIELD_SAFETY,CONTROLLED_SCRIPT,RETAIN_EXISTING,YES,Topic-family review before permanent numbering
tbt-11-01-ariel-lifts-mewp-and-fall-restraint,tbt-11-01-ariel-lifts-mewp-and-fall-restraint-v1-0-draft.docx,FALL_PROTECTION,CONTROLLED_SCRIPT,RETAIN_EXISTING,YES,Topic-family review before permanent numbering
tbt-11-02-equipment-mobilization-and-site-setup,tbt-11-02-equipment-mobilization-and-site-setup-v1-0-draft.docx,TOOLS_EQUIPMENT,CONTROLLED_SCRIPT,RETAIN_EXISTING,YES,Topic-family review before permanent numbering
tbt-11-03-heavy-equipment-blind-spots,tbt-11-03-heavy-equipment-blind-spots-v1-0-draft.docx,TOOLS_EQUIPMENT,CONTROLLED_SCRIPT,RETAIN_EXISTING,YES,Topic-family review before permanent numbering
tbt-11-04-warehouse-forklift-operations,tbt-11-04-warehouse-forklift-operations-v1-0-draft.docx,TOOLS_EQUIPMENT,CONTROLLED_SCRIPT,RETAIN_EXISTING,YES,Topic-family review before permanent numbering
tbt-11-05-manual-material-handling-and-ergonomics,tbt-11-05-manual-material-handling-and-ergonomics-v1-0-draft.docx,ERGONOMICS_MATERIAL_HANDLING,CONTROLLED_SCRIPT,RETAIN_EXISTING,YES,Topic-family review before permanent numbering
tbt-11-06-commercial-kitchen-equipment-rigging,tbt-11-06-commercial-kitchen-equipment-rigging-v1-0-draft.docx,TOOLS_EQUIPMENT,CONTROLLED_SCRIPT,RETAIN_EXISTING,YES,Topic-family review before permanent numbering
tbt-12-01-casework-and-cabinetry-installation,tbt-12-01-casework-and-cabinetry-installation-v1-0-draft.docx,GENERAL_FIELD_SAFETY,CONTROLLED_SCRIPT,RETAIN_EXISTING,YES,Topic-family review before permanent numbering
tbt-13-01-pre-engineered-metal-buildings-pemb,tbt-13-01-pre-engineered-metal-buildings-pemb-v1-0-draft.docx,GENERAL_FIELD_SAFETY,CONTROLLED_SCRIPT,RETAIN_EXISTING,YES,Topic-family review before permanent numbering
tbt-14-01-crane-operations-and-critical-lifts,tbt-14-01-crane-operations-and-critical-lifts-v1-0-draft.docx,GENERAL_FIELD_SAFETY,CONTROLLED_SCRIPT,RETAIN_EXISTING,YES,Topic-family review before permanent numbering
tbt-14-02-elevator-shaft-fall-protection,tbt-14-02-elevator-shaft-fall-protection-v1-0-draft.docx,FALL_PROTECTION,CONTROLLED_SCRIPT,RETAIN_EXISTING,YES,Topic-family review before permanent numbering
tbt-21-01-sprinkler-pipe-fitting-and-overhead-work,tbt-21-01-sprinkler-pipe-fitting-and-overhead-work-v1-0-draft.docx,GENERAL_FIELD_SAFETY,CONTROLLED_SCRIPT,RETAIN_EXISTING,YES,Topic-family review before permanent numbering
tbt-21-02-fire-pump-installation-and-hydrostatic-testing,tbt-21-02-fire-pump-installation-and-hydrostatic-testing-v1-0-draft.docx,FIRE_HOT_WORK,CONTROLLED_SCRIPT,RETAIN_EXISTING,YES,Topic-family review before permanent numbering
tbt-22-01-confined-space-entry,tbt-22-01-confined-space-entry-v1-0-draft.docx,GENERAL_FIELD_SAFETY,CONTROLLED_SCRIPT,RETAIN_EXISTING,YES,Topic-family review before permanent numbering
tbt-22-02-pipe-testing-and-pressurization,tbt-22-02-pipe-testing-and-pressurization-v1-0-draft.docx,GENERAL_FIELD_SAFETY,CONTROLLED_SCRIPT,RETAIN_EXISTING,YES,Topic-family review before permanent numbering
tbt-22-03-soldering-and-brazing-fire-watch,tbt-22-03-soldering-and-brazing-fire-watch-v1-0-draft.docx,FIRE_HOT_WORK,CONTROLLED_SCRIPT,RETAIN_EXISTING,YES,Topic-family review before permanent numbering
tbt-22-04-cast-iron-pipe-cutting-and-snapping,tbt-22-04-cast-iron-pipe-cutting-and-snapping-v1-0-draft.docx,GENERAL_FIELD_SAFETY,CONTROLLED_SCRIPT,RETAIN_EXISTING,YES,Topic-family review before permanent numbering
tbt-23-01-hvac-rigging-and-roof-installations,tbt-23-01-hvac-rigging-and-roof-installations-v1-0-draft.docx,FALL_PROTECTION,CONTROLLED_SCRIPT,RETAIN_EXISTING,YES,Topic-family review before permanent numbering
tbt-23-02-ductwork-hoisting-and-overhead-assembly,tbt-23-02-ductwork-hoisting-and-overhead-assembly-v1-0-draft.docx,GENERAL_FIELD_SAFETY,CONTROLLED_SCRIPT,RETAIN_EXISTING,YES,Topic-family review before permanent numbering
tbt-23-03-refrigerant-handling-and-brazing,tbt-23-03-refrigerant-handling-and-brazing-v1-0-draft.docx,GENERAL_FIELD_SAFETY,CONTROLLED_SCRIPT,RETAIN_EXISTING,YES,Topic-family review before permanent numbering
tbt-25-01-control-panel-installation-and-low-voltage,tbt-25-01-control-panel-installation-and-low-voltage-v1-0-draft.docx,GENERAL_FIELD_SAFETY,CONTROLLED_SCRIPT,RETAIN_EXISTING,YES,Topic-family review before permanent numbering
tbt-26-01-electrical-safety-and-loto,tbt-26-01-electrical-safety-and-loto-v1-0-draft.docx,ELECTRICAL,CONTROLLED_SCRIPT,RETAIN_EXISTING,YES,Topic-family review before permanent numbering
tbt-26-02-arc-flash-and-energized-work,tbt-26-02-arc-flash-and-energized-work-v1-0-draft.docx,GENERAL_FIELD_SAFETY,CONTROLLED_SCRIPT,RETAIN_EXISTING,YES,Topic-family review before permanent numbering
tbt-26-03-temporary-lighting-and-gfci-protection,tbt-26-03-temporary-lighting-and-gfci-protection-v1-0-draft.docx,GENERAL_FIELD_SAFETY,CONTROLLED_SCRIPT,RETAIN_EXISTING,YES,Topic-family review before permanent numbering
tbt-26-04-underground-conduit-and-duct-banks,tbt-26-04-underground-conduit-and-duct-banks-v1-0-draft.docx,GENERAL_FIELD_SAFETY,CONTROLLED_SCRIPT,RETAIN_EXISTING,YES,Topic-family review before permanent numbering
tbt-26-05-switchgear-installation-and-phasing,tbt-26-05-switchgear-installation-and-phasing-v1-0-draft.docx,GENERAL_FIELD_SAFETY,CONTROLLED_SCRIPT,RETAIN_EXISTING,YES,Topic-family review before permanent numbering
tbt-27-01-cable-tray-and-data-line-pulling,tbt-27-01-cable-tray-and-data-line-pulling-v1-0-draft.docx,GENERAL_FIELD_SAFETY,CONTROLLED_SCRIPT,RETAIN_EXISTING,YES,Topic-family review before permanent numbering
tbt-28-01-fire-alarm-and-security-system-rough-in,tbt-28-01-fire-alarm-and-security-system-rough-in-v1-0-draft.docx,FIRE_HOT_WORK,CONTROLLED_SCRIPT,RETAIN_EXISTING,YES,Topic-family review before permanent numbering
tbt-28-02-access-control-and-mag-lock-wiring,tbt-28-02-access-control-and-mag-lock-wiring-v1-0-draft.docx,GENERAL_FIELD_SAFETY,CONTROLLED_SCRIPT,RETAIN_EXISTING,YES,Topic-family review before permanent numbering
tbt-31-01-trenching-and-excavation,tbt-31-01-trenching-and-excavation-v1-0-draft.docx,CONSTRUCTION_OPERATIONS,CONTROLLED_SCRIPT,RETAIN_EXISTING,YES,Topic-family review before permanent numbering
tbt-31-02-underground-utility-strikes-and-locates,tbt-31-02-underground-utility-strikes-and-locates-v1-0-draft.docx,CONSTRUCTION_OPERATIONS,CONTROLLED_SCRIPT,RETAIN_EXISTING,YES,Topic-family review before permanent numbering
tbt-31-03-rigging-and-hoisting-with-excavators,tbt-31-03-rigging-and-hoisting-with-excavators-v1-0-draft.docx,GENERAL_FIELD_SAFETY,CONTROLLED_SCRIPT,RETAIN_EXISTING,YES,Topic-family review before permanent numbering
tbt-31-04-traffic-control-and-flagger-safety,tbt-31-04-traffic-control-and-flagger-safety-v1-0-draft.docx,GENERAL_FIELD_SAFETY,CONTROLLED_SCRIPT,RETAIN_EXISTING,YES,Topic-family review before permanent numbering
tbt-31-05-dewatering-and-pump-operations,tbt-31-05-dewatering-and-pump-operations-v1-0-draft.docx,GENERAL_FIELD_SAFETY,CONTROLLED_SCRIPT,RETAIN_EXISTING,YES,Topic-family review before permanent numbering
tbt-31-06-heavy-equipment-loading-and-tie-down,tbt-31-06-heavy-equipment-loading-and-tie-down-v1-0-draft.docx,TOOLS_EQUIPMENT,CONTROLLED_SCRIPT,RETAIN_EXISTING,YES,Topic-family review before permanent numbering
tbt-31-07-soil-compaction-and-roller-safety,tbt-31-07-soil-compaction-and-roller-safety-v1-0-draft.docx,GENERAL_FIELD_SAFETY,CONTROLLED_SCRIPT,RETAIN_EXISTING,YES,Topic-family review before permanent numbering
tbt-31-08-contaminated-soil-and-groundwater,tbt-31-08-contaminated-soil-and-groundwater-v1-0-draft.docx,GENERAL_FIELD_SAFETY,CONTROLLED_SCRIPT,RETAIN_EXISTING,YES,Topic-family review before permanent numbering
tbt-32-01-paving-asphalt-and-flatwork,tbt-32-01-paving-asphalt-and-flatwork-v1-0-draft.docx,GENERAL_FIELD_SAFETY,CONTROLLED_SCRIPT,RETAIN_EXISTING,YES,Topic-family review before permanent numbering
tbt-32-02-landscaping-equipment-and-chipper-safety,tbt-32-02-landscaping-equipment-and-chipper-safety-v1-0-draft.docx,TOOLS_EQUIPMENT,CONTROLLED_SCRIPT,RETAIN_EXISTING,YES,Topic-family review before permanent numbering
tbt-33-01-deep-sewer-and-water-main-trenching,tbt-33-01-deep-sewer-and-water-main-trenching-v1-0-draft.docx,CONSTRUCTION_OPERATIONS,CONTROLLED_SCRIPT,RETAIN_EXISTING,YES,Topic-family review before permanent numbering
tbt-33-02-manhole-installation-and-confined-space,tbt-33-02-manhole-installation-and-confined-space-v1-0-draft.docx,FALL_PROTECTION,CONTROLLED_SCRIPT,RETAIN_EXISTING,YES,Topic-family review before permanent numbering
tbt-source-001-fall-causes,tbt-source-001-fall-causes-v3-0-draft.docx,FALL_PROTECTION,ALTERNATE_SCRIPT_CANDIDATE,NOT_LOCKED,YES,Topic-family review before permanent numbering
tbt-source-002-slips-and-trips,tbt-source-002-slips-and-trips-v3-0-draft.docx,GENERAL_FIELD_SAFETY,ALTERNATE_SCRIPT_CANDIDATE,NOT_LOCKED,YES,Topic-family review before permanent numbering
tbt-source-003-stairways-aisles-and-walkways,tbt-source-003-stairways-aisles-and-walkways-v3-0-draft.docx,LADDERS_SCAFFOLDS,ALTERNATE_SCRIPT_CANDIDATE,NOT_LOCKED,YES,Topic-family review before permanent numbering
tbt-source-004-guardrails,tbt-source-004-guardrails-v3-0-draft.docx,FALL_PROTECTION,ALTERNATE_SCRIPT_CANDIDATE,NOT_LOCKED,YES,Topic-family review before permanent numbering
tbt-source-005-fall-protection,tbt-source-005-fall-protection-v3-0-draft.docx,FALL_PROTECTION,ALTERNATE_SCRIPT_CANDIDATE,NOT_LOCKED,YES,Topic-family review before permanent numbering
tbt-source-006-personal-fall-arrest-systems,tbt-source-006-personal-fall-arrest-systems-v3-0-draft.docx,FALL_PROTECTION,ALTERNATE_SCRIPT_CANDIDATE,NOT_LOCKED,YES,Topic-family review before permanent numbering
tbt-source-007-holes-and-floor-openings,tbt-source-007-holes-and-floor-openings-v3-0-draft.docx,FALL_PROTECTION,ALTERNATE_SCRIPT_CANDIDATE,NOT_LOCKED,YES,Topic-family review before permanent numbering
tbt-source-008-ladders,tbt-source-008-ladders-v3-0-draft.docx,LADDERS_SCAFFOLDS,ALTERNATE_SCRIPT_CANDIDATE,NOT_LOCKED,YES,Topic-family review before permanent numbering
tbt-source-009-ladder-safety,tbt-source-009-ladder-safety-v3-0-draft.docx,LADDERS_SCAFFOLDS,ALTERNATE_SCRIPT_CANDIDATE,NOT_LOCKED,YES,Topic-family review before permanent numbering
tbt-source-010-step-up-to-safety,tbt-source-010-step-up-to-safety-v3-0-draft.docx,GENERAL_FIELD_SAFETY,ALTERNATE_SCRIPT_CANDIDATE,NOT_LOCKED,YES,Topic-family review before permanent numbering
tbt-source-011-use-and-erection-of-ladders,tbt-source-011-use-and-erection-of-ladders-v3-0-draft.docx,LADDERS_SCAFFOLDS,ALTERNATE_SCRIPT_CANDIDATE,NOT_LOCKED,YES,Topic-family review before permanent numbering
tbt-source-012-scaffolding-i,tbt-source-012-scaffolding-i-v3-0-draft.docx,LADDERS_SCAFFOLDS,ALTERNATE_SCRIPT_CANDIDATE,NOT_LOCKED,YES,Topic-family review before permanent numbering
tbt-source-013-scaffolding-ii,tbt-source-013-scaffolding-ii-v3-0-draft.docx,LADDERS_SCAFFOLDS,ALTERNATE_SCRIPT_CANDIDATE,NOT_LOCKED,YES,Topic-family review before permanent numbering
tbt-source-014-scaffolds,tbt-source-014-scaffolds-v3-0-draft.docx,LADDERS_SCAFFOLDS,ALTERNATE_SCRIPT_CANDIDATE,NOT_LOCKED,YES,Topic-family review before permanent numbering
tbt-source-015-safe-scaffolding,tbt-source-015-safe-scaffolding-v3-0-draft.docx,LADDERS_SCAFFOLDS,ALTERNATE_SCRIPT_CANDIDATE,NOT_LOCKED,YES,Topic-family review before permanent numbering
tbt-source-016-scaffolds-permanent-safety-on-temporary-structures,tbt-source-016-scaffolds-permanent-safety-on-temporary-structures-v3-0-draft.docx,LADDERS_SCAFFOLDS,ALTERNATE_SCRIPT_CANDIDATE,NOT_LOCKED,YES,Topic-family review before permanent numbering
tbt-source-017-aerial-lifts-and-elevated-platforms,tbt-source-017-aerial-lifts-and-elevated-platforms-v3-0-draft.docx,GENERAL_FIELD_SAFETY,ALTERNATE_SCRIPT_CANDIDATE,NOT_LOCKED,YES,Topic-family review before permanent numbering
tbt-source-018-preventing-deadly-falls,tbt-source-018-preventing-deadly-falls-v3-0-draft.docx,FALL_PROTECTION,ALTERNATE_SCRIPT_CANDIDATE,NOT_LOCKED,YES,Topic-family review before permanent numbering
tbt-source-019-slips-and-spills,tbt-source-019-slips-and-spills-v3-0-draft.docx,GENERAL_FIELD_SAFETY,ALTERNATE_SCRIPT_CANDIDATE,NOT_LOCKED,YES,Topic-family review before permanent numbering
tbt-source-020-fall-protection-systems,tbt-source-020-fall-protection-systems-v3-0-draft.docx,FALL_PROTECTION,ALTERNATE_SCRIPT_CANDIDATE,NOT_LOCKED,YES,Topic-family review before permanent numbering
tbt-source-021-pneumatic-tools,tbt-source-021-pneumatic-tools-v3-0-draft.docx,TOOLS_EQUIPMENT,ALTERNATE_SCRIPT_CANDIDATE,NOT_LOCKED,YES,Topic-family review before permanent numbering
tbt-source-022-power-tools,tbt-source-022-power-tools-v3-0-draft.docx,TOOLS_EQUIPMENT,ALTERNATE_SCRIPT_CANDIDATE,NOT_LOCKED,YES,Topic-family review before permanent numbering
tbt-source-023-power-saws,tbt-source-023-power-saws-v3-0-draft.docx,TOOLS_EQUIPMENT,ALTERNATE_SCRIPT_CANDIDATE,NOT_LOCKED,YES,Topic-family review before permanent numbering
tbt-source-024-the-power-of-safety,tbt-source-024-the-power-of-safety-v3-0-draft.docx,GENERAL_FIELD_SAFETY,ALTERNATE_SCRIPT_CANDIDATE,NOT_LOCKED,YES,Topic-family review before permanent numbering
tbt-source-025-powder-actuated-tools,tbt-source-025-powder-actuated-tools-v3-0-draft.docx,TOOLS_EQUIPMENT,ALTERNATE_SCRIPT_CANDIDATE,NOT_LOCKED,YES,Topic-family review before permanent numbering
tbt-source-026-chainsaw-safety,tbt-source-026-chainsaw-safety-v3-0-draft.docx,TOOLS_EQUIPMENT,ALTERNATE_SCRIPT_CANDIDATE,NOT_LOCKED,YES,Topic-family review before permanent numbering
tbt-source-027-working-safely-with-lasers,tbt-source-027-working-safely-with-lasers-v3-0-draft.docx,ELECTRICAL,ALTERNATE_SCRIPT_CANDIDATE,NOT_LOCKED,YES,Topic-family review before permanent numbering
tbt-source-028-laser-safety,tbt-source-028-laser-safety-v3-0-draft.docx,ELECTRICAL,ALTERNATE_SCRIPT_CANDIDATE,NOT_LOCKED,YES,Topic-family review before permanent numbering
tbt-source-029-tools,tbt-source-029-tools-v3-0-draft.docx,TOOLS_EQUIPMENT,ALTERNATE_SCRIPT_CANDIDATE,NOT_LOCKED,YES,Topic-family review before permanent numbering
tbt-source-030-torches,tbt-source-030-torches-v3-0-draft.docx,FIRE_HOT_WORK,ALTERNATE_SCRIPT_CANDIDATE,NOT_LOCKED,YES,Topic-family review before permanent numbering
tbt-source-031-hand-tools,tbt-source-031-hand-tools-v3-0-draft.docx,TOOLS_EQUIPMENT,ALTERNATE_SCRIPT_CANDIDATE,NOT_LOCKED,YES,Topic-family review before permanent numbering
tbt-source-032-care-of-hand-tools,tbt-source-032-care-of-hand-tools-v3-0-draft.docx,TOOLS_EQUIPMENT,ALTERNATE_SCRIPT_CANDIDATE,NOT_LOCKED,YES,Topic-family review before permanent numbering
tbt-source-033-chisels-screwdrivers-and-sharp-points,tbt-source-033-chisels-screwdrivers-and-sharp-points-v3-0-draft.docx,TOOLS_EQUIPMENT,ALTERNATE_SCRIPT_CANDIDATE,NOT_LOCKED,YES,Topic-family review before permanent numbering
tbt-source-034-hammers-and-other-impact-tools,tbt-source-034-hammers-and-other-impact-tools-v3-0-draft.docx,TOOLS_EQUIPMENT,ALTERNATE_SCRIPT_CANDIDATE,NOT_LOCKED,YES,Topic-family review before permanent numbering
tbt-source-035-adjusting-and-changing-tool-accessories,tbt-source-035-adjusting-and-changing-tool-accessories-v3-0-draft.docx,TOOLS_EQUIPMENT,ALTERNATE_SCRIPT_CANDIDATE,NOT_LOCKED,YES,Topic-family review before permanent numbering
tbt-source-036-handling-sharp-tools-and-other-objects,tbt-source-036-handling-sharp-tools-and-other-objects-v3-0-draft.docx,TOOLS_EQUIPMENT,ALTERNATE_SCRIPT_CANDIDATE,NOT_LOCKED,YES,Topic-family review before permanent numbering
tbt-source-037-hand-tools-and-power-tools,tbt-source-037-hand-tools-and-power-tools-v3-0-draft.docx,TOOLS_EQUIPMENT,ALTERNATE_SCRIPT_CANDIDATE,NOT_LOCKED,YES,Topic-family review before permanent numbering
tbt-source-038-fire-prevention,tbt-source-038-fire-prevention-v3-0-draft.docx,FIRE_HOT_WORK,ALTERNATE_SCRIPT_CANDIDATE,NOT_LOCKED,YES,Topic-family review before permanent numbering
tbt-source-039-portable-heaters,tbt-source-039-portable-heaters-v3-0-draft.docx,FIRE_HOT_WORK,ALTERNATE_SCRIPT_CANDIDATE,NOT_LOCKED,YES,Topic-family review before permanent numbering
tbt-source-040-preparing-for-an-emergency,tbt-source-040-preparing-for-an-emergency-v3-0-draft.docx,EMERGENCY_FIRST_AID,ALTERNATE_SCRIPT_CANDIDATE,NOT_LOCKED,YES,Topic-family review before permanent numbering
tbt-source-041-portable-heaters-staying-warm-and-safe,tbt-source-041-portable-heaters-staying-warm-and-safe-v3-0-draft.docx,FIRE_HOT_WORK,ALTERNATE_SCRIPT_CANDIDATE,NOT_LOCKED,YES,Topic-family review before permanent numbering
tbt-source-042-safety-on-the-small-job,tbt-source-042-safety-on-the-small-job-v3-0-draft.docx,PUBLIC_PROJECT_INTERFACE,ALTERNATE_SCRIPT_CANDIDATE,NOT_LOCKED,YES,Topic-family review before permanent numbering
tbt-source-043-safety-for-home-builders,tbt-source-043-safety-for-home-builders-v3-0-draft.docx,PUBLIC_PROJECT_INTERFACE,ALTERNATE_SCRIPT_CANDIDATE,NOT_LOCKED,YES,Topic-family review before permanent numbering
tbt-source-044-paints-finishes-and-coatings,tbt-source-044-paints-finishes-and-coatings-v3-0-draft.docx,HAZCOM_CHEMICALS,ALTERNATE_SCRIPT_CANDIDATE,NOT_LOCKED,YES,Topic-family review before permanent numbering
tbt-source-045-demolition,tbt-source-045-demolition-v3-0-draft.docx,CONSTRUCTION_OPERATIONS,ALTERNATE_SCRIPT_CANDIDATE,NOT_LOCKED,YES,Topic-family review before permanent numbering
tbt-source-046-demolition-dangers,tbt-source-046-demolition-dangers-v3-0-draft.docx,CONSTRUCTION_OPERATIONS,ALTERNATE_SCRIPT_CANDIDATE,NOT_LOCKED,YES,Topic-family review before permanent numbering
tbt-source-047-welding-and-cutting-safety,tbt-source-047-welding-and-cutting-safety-v3-0-draft.docx,FIRE_HOT_WORK,ALTERNATE_SCRIPT_CANDIDATE,NOT_LOCKED,YES,Topic-family review before permanent numbering
tbt-source-048-concrete,tbt-source-048-concrete-v3-0-draft.docx,CONSTRUCTION_OPERATIONS,ALTERNATE_SCRIPT_CANDIDATE,NOT_LOCKED,YES,Topic-family review before permanent numbering
tbt-source-049-concrete-and-form-work,tbt-source-049-concrete-and-form-work-v3-0-draft.docx,CONSTRUCTION_OPERATIONS,ALTERNATE_SCRIPT_CANDIDATE,NOT_LOCKED,YES,Topic-family review before permanent numbering
tbt-source-050-roofing,tbt-source-050-roofing-v3-0-draft.docx,FALL_PROTECTION,ALTERNATE_SCRIPT_CANDIDATE,NOT_LOCKED,YES,Topic-family review before permanent numbering
tbt-source-051-roofing-safety,tbt-source-051-roofing-safety-v3-0-draft.docx,FALL_PROTECTION,ALTERNATE_SCRIPT_CANDIDATE,NOT_LOCKED,YES,Topic-family review before permanent numbering
tbt-source-052-motor-vehicles-and-your-safety,tbt-source-052-motor-vehicles-and-your-safety-v3-0-draft.docx,TRAFFIC_MOBILE_EQUIPMENT,ALTERNATE_SCRIPT_CANDIDATE,NOT_LOCKED,YES,Topic-family review before permanent numbering
tbt-source-053-defensive-driving-i,tbt-source-053-defensive-driving-i-v3-0-draft.docx,TRAFFIC_MOBILE_EQUIPMENT,ALTERNATE_SCRIPT_CANDIDATE,NOT_LOCKED,YES,Topic-family review before permanent numbering
tbt-source-054-defensive-driving-ii,tbt-source-054-defensive-driving-ii-v3-0-draft.docx,TRAFFIC_MOBILE_EQUIPMENT,ALTERNATE_SCRIPT_CANDIDATE,NOT_LOCKED,YES,Topic-family review before permanent numbering
tbt-source-055-road-construction-ahead,tbt-source-055-road-construction-ahead-v3-0-draft.docx,TRAFFIC_MOBILE_EQUIPMENT,ALTERNATE_SCRIPT_CANDIDATE,NOT_LOCKED,YES,Topic-family review before permanent numbering
tbt-source-056-work-zone-safety-i,tbt-source-056-work-zone-safety-i-v3-0-draft.docx,TRAFFIC_MOBILE_EQUIPMENT,ALTERNATE_SCRIPT_CANDIDATE,NOT_LOCKED,YES,Topic-family review before permanent numbering
tbt-source-057-work-zone-safety-ii,tbt-source-057-work-zone-safety-ii-v3-0-draft.docx,TRAFFIC_MOBILE_EQUIPMENT,ALTERNATE_SCRIPT_CANDIDATE,NOT_LOCKED,YES,Topic-family review before permanent numbering
tbt-source-058-heavy-equipment,tbt-source-058-heavy-equipment-v3-0-draft.docx,TOOLS_EQUIPMENT,ALTERNATE_SCRIPT_CANDIDATE,NOT_LOCKED,YES,Topic-family review before permanent numbering
tbt-source-059-equipment-dangers,tbt-source-059-equipment-dangers-v3-0-draft.docx,TOOLS_EQUIPMENT,ALTERNATE_SCRIPT_CANDIDATE,NOT_LOCKED,YES,Topic-family review before permanent numbering
tbt-source-060-construction-forklifts,tbt-source-060-construction-forklifts-v3-0-draft.docx,TOOLS_EQUIPMENT,ALTERNATE_SCRIPT_CANDIDATE,NOT_LOCKED,YES,Topic-family review before permanent numbering
tbt-source-061-excavation-safety-can-you-dig-it,tbt-source-061-excavation-safety-can-you-dig-it-v3-0-draft.docx,CONSTRUCTION_OPERATIONS,ALTERNATE_SCRIPT_CANDIDATE,NOT_LOCKED,YES,Topic-family review before permanent numbering
tbt-source-062-utility-hazards-underground-and-overhead,tbt-source-062-utility-hazards-underground-and-overhead-v3-0-draft.docx,CONSTRUCTION_OPERATIONS,ALTERNATE_SCRIPT_CANDIDATE,NOT_LOCKED,YES,Topic-family review before permanent numbering
tbt-source-063-underground-utilities,tbt-source-063-underground-utilities-v3-0-draft.docx,GENERAL_FIELD_SAFETY,ALTERNATE_SCRIPT_CANDIDATE,NOT_LOCKED,YES,Topic-family review before permanent numbering
tbt-source-064-first-aid,tbt-source-064-first-aid-v3-0-draft.docx,EMERGENCY_FIRST_AID,ALTERNATE_SCRIPT_CANDIDATE,NOT_LOCKED,YES,Topic-family review before permanent numbering
tbt-source-065-first-aid-kits,tbt-source-065-first-aid-kits-v3-0-draft.docx,EMERGENCY_FIRST_AID,ALTERNATE_SCRIPT_CANDIDATE,NOT_LOCKED,YES,Topic-family review before permanent numbering
tbt-source-066-first-aid-for-eye-injuries,tbt-source-066-first-aid-for-eye-injuries-v3-0-draft.docx,EMERGENCY_FIRST_AID,ALTERNATE_SCRIPT_CANDIDATE,NOT_LOCKED,YES,Topic-family review before permanent numbering
tbt-source-067-preventing-cuts-it-s-all-in-your-hands,tbt-source-067-preventing-cuts-it-s-all-in-your-hands-v3-0-draft.docx,GENERAL_FIELD_SAFETY,ALTERNATE_SCRIPT_CANDIDATE,NOT_LOCKED,YES,Topic-family review before permanent numbering
tbt-source-068-it-s-just-a-little-cut,tbt-source-068-it-s-just-a-little-cut-v3-0-draft.docx,GENERAL_FIELD_SAFETY,ALTERNATE_SCRIPT_CANDIDATE,NOT_LOCKED,YES,Topic-family review before permanent numbering
tbt-source-069-what-to-do-when-someone-is-injured,tbt-source-069-what-to-do-when-someone-is-injured-v3-0-draft.docx,EMERGENCY_FIRST_AID,ALTERNATE_SCRIPT_CANDIDATE,NOT_LOCKED,YES,Topic-family review before permanent numbering
tbt-source-070-bloodborne-pathogens,tbt-source-070-bloodborne-pathogens-v3-0-draft.docx,EMERGENCY_FIRST_AID,ALTERNATE_SCRIPT_CANDIDATE,NOT_LOCKED,YES,Topic-family review before permanent numbering
tbt-source-071-burns-i,tbt-source-071-burns-i-v3-0-draft.docx,EMERGENCY_FIRST_AID,ALTERNATE_SCRIPT_CANDIDATE,NOT_LOCKED,YES,Topic-family review before permanent numbering
tbt-source-072-burns-ii,tbt-source-072-burns-ii-v3-0-draft.docx,EMERGENCY_FIRST_AID,ALTERNATE_SCRIPT_CANDIDATE,NOT_LOCKED,YES,Topic-family review before permanent numbering
tbt-source-073-prompt-care-can-prevent-infection,tbt-source-073-prompt-care-can-prevent-infection-v3-0-draft.docx,GENERAL_FIELD_SAFETY,ALTERNATE_SCRIPT_CANDIDATE,NOT_LOCKED,YES,Topic-family review before permanent numbering
tbt-source-074-plan-safety-into-your-day,tbt-source-074-plan-safety-into-your-day-v3-0-draft.docx,GENERAL_FIELD_SAFETY,ALTERNATE_SCRIPT_CANDIDATE,NOT_LOCKED,YES,Topic-family review before permanent numbering
tbt-source-075-housekeeping-i,tbt-source-075-housekeeping-i-v3-0-draft.docx,HOUSEKEEPING_BEHAVIOR,ALTERNATE_SCRIPT_CANDIDATE,NOT_LOCKED,YES,Topic-family review before permanent numbering
tbt-source-076-housekeeping-ii,tbt-source-076-housekeeping-ii-v3-0-draft.docx,HOUSEKEEPING_BEHAVIOR,ALTERNATE_SCRIPT_CANDIDATE,NOT_LOCKED,YES,Topic-family review before permanent numbering
tbt-source-077-accident-investigation,tbt-source-077-accident-investigation-v3-0-draft.docx,GENERAL_FIELD_SAFETY,ALTERNATE_SCRIPT_CANDIDATE,NOT_LOCKED,YES,Topic-family review before permanent numbering
tbt-source-078-a-safe-state-of-mind,tbt-source-078-a-safe-state-of-mind-v3-0-draft.docx,GENERAL_FIELD_SAFETY,ALTERNATE_SCRIPT_CANDIDATE,NOT_LOCKED,YES,Topic-family review before permanent numbering
tbt-source-079-save-attitudes-save-lives,tbt-source-079-save-attitudes-save-lives-v3-0-draft.docx,HOUSEKEEPING_BEHAVIOR,ALTERNATE_SCRIPT_CANDIDATE,NOT_LOCKED,YES,Topic-family review before permanent numbering
tbt-source-080-supervisor-for-the-day,tbt-source-080-supervisor-for-the-day-v3-0-draft.docx,GENERAL_FIELD_SAFETY,ALTERNATE_SCRIPT_CANDIDATE,NOT_LOCKED,YES,Topic-family review before permanent numbering
tbt-source-081-your-safety-attitude,tbt-source-081-your-safety-attitude-v3-0-draft.docx,HOUSEKEEPING_BEHAVIOR,ALTERNATE_SCRIPT_CANDIDATE,NOT_LOCKED,YES,Topic-family review before permanent numbering
tbt-source-082-first-day-on-the-job-i,tbt-source-082-first-day-on-the-job-i-v3-0-draft.docx,PUBLIC_PROJECT_INTERFACE,ALTERNATE_SCRIPT_CANDIDATE,NOT_LOCKED,YES,Topic-family review before permanent numbering
tbt-source-083-first-day-on-the-job-ii,tbt-source-083-first-day-on-the-job-ii-v3-0-draft.docx,PUBLIC_PROJECT_INTERFACE,ALTERNATE_SCRIPT_CANDIDATE,NOT_LOCKED,YES,Topic-family review before permanent numbering
tbt-source-084-harassment-and-discrimination,tbt-source-084-harassment-and-discrimination-v3-0-draft.docx,PUBLIC_PROJECT_INTERFACE,ALTERNATE_SCRIPT_CANDIDATE,NOT_LOCKED,YES,Topic-family review before permanent numbering
tbt-source-085-bad-habits-and-how-to-change-them,tbt-source-085-bad-habits-and-how-to-change-them-v3-0-draft.docx,GENERAL_FIELD_SAFETY,ALTERNATE_SCRIPT_CANDIDATE,NOT_LOCKED,YES,Topic-family review before permanent numbering
tbt-source-086-unsafe-acts,tbt-source-086-unsafe-acts-v3-0-draft.docx,HOUSEKEEPING_BEHAVIOR,ALTERNATE_SCRIPT_CANDIDATE,NOT_LOCKED,YES,Topic-family review before permanent numbering
tbt-source-087-horseplay,tbt-source-087-horseplay-v3-0-draft.docx,HOUSEKEEPING_BEHAVIOR,ALTERNATE_SCRIPT_CANDIDATE,NOT_LOCKED,YES,Topic-family review before permanent numbering
tbt-source-088-practical-jokes-games-and-contests,tbt-source-088-practical-jokes-games-and-contests-v3-0-draft.docx,HOUSEKEEPING_BEHAVIOR,ALTERNATE_SCRIPT_CANDIDATE,NOT_LOCKED,YES,Topic-family review before permanent numbering
tbt-source-089-stress-management,tbt-source-089-stress-management-v3-0-draft.docx,HOUSEKEEPING_BEHAVIOR,ALTERNATE_SCRIPT_CANDIDATE,NOT_LOCKED,YES,Topic-family review before permanent numbering
tbt-source-090-partners-in-safety-your-coworkers-and-you,tbt-source-090-partners-in-safety-your-coworkers-and-you-v3-0-draft.docx,GENERAL_FIELD_SAFETY,ALTERNATE_SCRIPT_CANDIDATE,NOT_LOCKED,YES,Topic-family review before permanent numbering
tbt-source-091-msds-i,tbt-source-091-msds-i-v3-0-draft.docx,HAZCOM_CHEMICALS,ALTERNATE_SCRIPT_CANDIDATE,NOT_LOCKED,YES,Topic-family review before permanent numbering
tbt-source-092-msds-ii,tbt-source-092-msds-ii-v3-0-draft.docx,HAZCOM_CHEMICALS,ALTERNATE_SCRIPT_CANDIDATE,NOT_LOCKED,YES,Topic-family review before permanent numbering
tbt-source-093-hazardous-materials,tbt-source-093-hazardous-materials-v3-0-draft.docx,HAZCOM_CHEMICALS,ALTERNATE_SCRIPT_CANDIDATE,NOT_LOCKED,YES,Topic-family review before permanent numbering
tbt-source-094-electrical-safety-i,tbt-source-094-electrical-safety-i-v3-0-draft.docx,ELECTRICAL,ALTERNATE_SCRIPT_CANDIDATE,NOT_LOCKED,YES,Topic-family review before permanent numbering
tbt-source-095-electrical-safety-ii,tbt-source-095-electrical-safety-ii-v3-0-draft.docx,ELECTRICAL,ALTERNATE_SCRIPT_CANDIDATE,NOT_LOCKED,YES,Topic-family review before permanent numbering
tbt-source-096-grounding-portable-electric-tools,tbt-source-096-grounding-portable-electric-tools-v3-0-draft.docx,TOOLS_EQUIPMENT,ALTERNATE_SCRIPT_CANDIDATE,NOT_LOCKED,YES,Topic-family review before permanent numbering
tbt-source-097-extend-your-knowledge-of-extension-cord-safety,tbt-source-097-extend-your-knowledge-of-extension-cord-safety-v3-0-draft.docx,ELECTRICAL,ALTERNATE_SCRIPT_CANDIDATE,NOT_LOCKED,YES,Topic-family review before permanent numbering
tbt-source-098-distractions,tbt-source-098-distractions-v3-0-draft.docx,HOUSEKEEPING_BEHAVIOR,ALTERNATE_SCRIPT_CANDIDATE,NOT_LOCKED,YES,Topic-family review before permanent numbering
tbt-source-099-protecting-the-public,tbt-source-099-protecting-the-public-v3-0-draft.docx,PUBLIC_PROJECT_INTERFACE,ALTERNATE_SCRIPT_CANDIDATE,NOT_LOCKED,YES,Topic-family review before permanent numbering
tbt-source-100-kids-and-construction,tbt-source-100-kids-and-construction-v3-0-draft.docx,GENERAL_FIELD_SAFETY,ALTERNATE_SCRIPT_CANDIDATE,NOT_LOCKED,YES,Topic-family review before permanent numbering
tbt-source-101-a-rock-and-a-hard-place,tbt-source-101-a-rock-and-a-hard-place-v3-0-draft.docx,GENERAL_FIELD_SAFETY,ALTERNATE_SCRIPT_CANDIDATE,NOT_LOCKED,YES,Topic-family review before permanent numbering
tbt-source-102-don-t-make-these-mistakes,tbt-source-102-don-t-make-these-mistakes-v3-0-draft.docx,GENERAL_FIELD_SAFETY,ALTERNATE_SCRIPT_CANDIDATE,NOT_LOCKED,YES,Topic-family review before permanent numbering
tbt-source-103-housekeeping-and-cleanliness,tbt-source-103-housekeeping-and-cleanliness-v3-0-draft.docx,HOUSEKEEPING_BEHAVIOR,ALTERNATE_SCRIPT_CANDIDATE,NOT_LOCKED,YES,Topic-family review before permanent numbering
tbt-source-104-safety-never-takes-a-break,tbt-source-104-safety-never-takes-a-break-v3-0-draft.docx,GENERAL_FIELD_SAFETY,ALTERNATE_SCRIPT_CANDIDATE,NOT_LOCKED,YES,Topic-family review before permanent numbering
tbt-source-105-cell-phones,tbt-source-105-cell-phones-v3-0-draft.docx,HOUSEKEEPING_BEHAVIOR,ALTERNATE_SCRIPT_CANDIDATE,NOT_LOCKED,YES,Topic-family review before permanent numbering
tbt-source-106-safe-and-sober,tbt-source-106-safe-and-sober-v3-0-draft.docx,HOUSEKEEPING_BEHAVIOR,ALTERNATE_SCRIPT_CANDIDATE,NOT_LOCKED,YES,Topic-family review before permanent numbering
tbt-source-107-substance-abuse,tbt-source-107-substance-abuse-v3-0-draft.docx,HOUSEKEEPING_BEHAVIOR,ALTERNATE_SCRIPT_CANDIDATE,NOT_LOCKED,YES,Topic-family review before permanent numbering
tbt-source-108-security-and-theft-protection,tbt-source-108-security-and-theft-protection-v3-0-draft.docx,HOUSEKEEPING_BEHAVIOR,ALTERNATE_SCRIPT_CANDIDATE,NOT_LOCKED,YES,Topic-family review before permanent numbering
tbt-source-109-hot-weather-safety,tbt-source-109-hot-weather-safety-v3-0-draft.docx,WEATHER_HEALTH,ALTERNATE_SCRIPT_CANDIDATE,NOT_LOCKED,YES,Topic-family review before permanent numbering
tbt-source-110-be-cool-this-summer,tbt-source-110-be-cool-this-summer-v3-0-draft.docx,GENERAL_FIELD_SAFETY,ALTERNATE_SCRIPT_CANDIDATE,NOT_LOCKED,YES,Topic-family review before permanent numbering
tbt-source-111-severe-weather,tbt-source-111-severe-weather-v3-0-draft.docx,WEATHER_HEALTH,ALTERNATE_SCRIPT_CANDIDATE,NOT_LOCKED,YES,Topic-family review before permanent numbering
tbt-source-112-storm-watch-be-prepared,tbt-source-112-storm-watch-be-prepared-v3-0-draft.docx,GENERAL_FIELD_SAFETY,ALTERNATE_SCRIPT_CANDIDATE,NOT_LOCKED,YES,Topic-family review before permanent numbering
tbt-source-113-wind-rain-and-lightning,tbt-source-113-wind-rain-and-lightning-v3-0-draft.docx,WEATHER_HEALTH,ALTERNATE_SCRIPT_CANDIDATE,NOT_LOCKED,YES,Topic-family review before permanent numbering
tbt-source-114-cold-weather-safety,tbt-source-114-cold-weather-safety-v3-0-draft.docx,WEATHER_HEALTH,ALTERNATE_SCRIPT_CANDIDATE,NOT_LOCKED,YES,Topic-family review before permanent numbering
tbt-source-115-cold-weather,tbt-source-115-cold-weather-v3-0-draft.docx,WEATHER_HEALTH,ALTERNATE_SCRIPT_CANDIDATE,NOT_LOCKED,YES,Topic-family review before permanent numbering
tbt-source-116-skin-cancer,tbt-source-116-skin-cancer-v3-0-draft.docx,WEATHER_HEALTH,ALTERNATE_SCRIPT_CANDIDATE,NOT_LOCKED,YES,Topic-family review before permanent numbering
tbt-source-117-stay-cool-when-it-s-hot,tbt-source-117-stay-cool-when-it-s-hot-v3-0-draft.docx,WEATHER_HEALTH,ALTERNATE_SCRIPT_CANDIDATE,NOT_LOCKED,YES,Topic-family review before permanent numbering
tbt-source-118-staying-cool-in-hot-weather,tbt-source-118-staying-cool-in-hot-weather-v3-0-draft.docx,WEATHER_HEALTH,ALTERNATE_SCRIPT_CANDIDATE,NOT_LOCKED,YES,Topic-family review before permanent numbering
tbt-source-119-ergonomics-i,tbt-source-119-ergonomics-i-v3-0-draft.docx,ERGONOMICS_MATERIAL_HANDLING,ALTERNATE_SCRIPT_CANDIDATE,NOT_LOCKED,YES,Topic-family review before permanent numbering
tbt-source-120-ergonomics-ii,tbt-source-120-ergonomics-ii-v3-0-draft.docx,ERGONOMICS_MATERIAL_HANDLING,ALTERNATE_SCRIPT_CANDIDATE,NOT_LOCKED,YES,Topic-family review before permanent numbering
tbt-source-121-proper-lifting-techniques,tbt-source-121-proper-lifting-techniques-v3-0-draft.docx,ERGONOMICS_MATERIAL_HANDLING,ALTERNATE_SCRIPT_CANDIDATE,NOT_LOCKED,YES,Topic-family review before permanent numbering
tbt-source-122-give-your-back-a-break,tbt-source-122-give-your-back-a-break-v3-0-draft.docx,ERGONOMICS_MATERIAL_HANDLING,ALTERNATE_SCRIPT_CANDIDATE,NOT_LOCKED,YES,Topic-family review before permanent numbering
tbt-source-123-lift-properly,tbt-source-123-lift-properly-v3-0-draft.docx,GENERAL_FIELD_SAFETY,ALTERNATE_SCRIPT_CANDIDATE,NOT_LOCKED,YES,Topic-family review before permanent numbering
tbt-source-124-material-handling-i,tbt-source-124-material-handling-i-v3-0-draft.docx,ERGONOMICS_MATERIAL_HANDLING,ALTERNATE_SCRIPT_CANDIDATE,NOT_LOCKED,YES,Topic-family review before permanent numbering
tbt-source-125-material-handling-ii,tbt-source-125-material-handling-ii-v3-0-draft.docx,ERGONOMICS_MATERIAL_HANDLING,ALTERNATE_SCRIPT_CANDIDATE,NOT_LOCKED,YES,Topic-family review before permanent numbering
tbt-source-126-handling-materials,tbt-source-126-handling-materials-v3-0-draft.docx,GENERAL_FIELD_SAFETY,ALTERNATE_SCRIPT_CANDIDATE,NOT_LOCKED,YES,Topic-family review before permanent numbering
tbt-source-127-store-it-stack-it-and-secure-it,tbt-source-127-store-it-stack-it-and-secure-it-v3-0-draft.docx,GENERAL_FIELD_SAFETY,ALTERNATE_SCRIPT_CANDIDATE,NOT_LOCKED,YES,Topic-family review before permanent numbering
tbt-source-128-storage-of-flammables,tbt-source-128-storage-of-flammables-v3-0-draft.docx,ERGONOMICS_MATERIAL_HANDLING,ALTERNATE_SCRIPT_CANDIDATE,NOT_LOCKED,YES,Topic-family review before permanent numbering
tbt-source-129-think-before-you-lift,tbt-source-129-think-before-you-lift-v3-0-draft.docx,GENERAL_FIELD_SAFETY,ALTERNATE_SCRIPT_CANDIDATE,NOT_LOCKED,YES,Topic-family review before permanent numbering
tbt-source-130-preventing-back-injuries,tbt-source-130-preventing-back-injuries-v3-0-draft.docx,EMERGENCY_FIRST_AID,ALTERNATE_SCRIPT_CANDIDATE,NOT_LOCKED,YES,Topic-family review before permanent numbering
tbt-source-131-personal-protective-equipment,tbt-source-131-personal-protective-equipment-v3-0-draft.docx,TOOLS_EQUIPMENT,ALTERNATE_SCRIPT_CANDIDATE,NOT_LOCKED,YES,Topic-family review before permanent numbering
tbt-source-132-hard-hats-i,tbt-source-132-hard-hats-i-v3-0-draft.docx,PPE,ALTERNATE_SCRIPT_CANDIDATE,NOT_LOCKED,YES,Topic-family review before permanent numbering
tbt-source-133-hard-hats-ii,tbt-source-133-hard-hats-ii-v3-0-draft.docx,PPE,ALTERNATE_SCRIPT_CANDIDATE,NOT_LOCKED,YES,Topic-family review before permanent numbering
tbt-source-134-eye-protection,tbt-source-134-eye-protection-v3-0-draft.docx,PPE,ALTERNATE_SCRIPT_CANDIDATE,NOT_LOCKED,YES,Topic-family review before permanent numbering
tbt-source-135-safety-as-far-as-the-eye-can-see,tbt-source-135-safety-as-far-as-the-eye-can-see-v3-0-draft.docx,GENERAL_FIELD_SAFETY,ALTERNATE_SCRIPT_CANDIDATE,NOT_LOCKED,YES,Topic-family review before permanent numbering
tbt-source-136-noise-and-your-hearing,tbt-source-136-noise-and-your-hearing-v3-0-draft.docx,PPE,ALTERNATE_SCRIPT_CANDIDATE,NOT_LOCKED,YES,Topic-family review before permanent numbering
tbt-source-137-now-hear-this,tbt-source-137-now-hear-this-v3-0-draft.docx,GENERAL_FIELD_SAFETY,ALTERNATE_SCRIPT_CANDIDATE,NOT_LOCKED,YES,Topic-family review before permanent numbering
tbt-source-138-breathing-easy,tbt-source-138-breathing-easy-v3-0-draft.docx,PPE,ALTERNATE_SCRIPT_CANDIDATE,NOT_LOCKED,YES,Topic-family review before permanent numbering
tbt-source-139-hand-injuries,tbt-source-139-hand-injuries-v3-0-draft.docx,EMERGENCY_FIRST_AID,ALTERNATE_SCRIPT_CANDIDATE,NOT_LOCKED,YES,Topic-family review before permanent numbering
tbt-source-140-preventing-hand-injuries,tbt-source-140-preventing-hand-injuries-v3-0-draft.docx,EMERGENCY_FIRST_AID,ALTERNATE_SCRIPT_CANDIDATE,NOT_LOCKED,YES,Topic-family review before permanent numbering
tbt-source-141-foot-protection,tbt-source-141-foot-protection-v3-0-draft.docx,PPE,ALTERNATE_SCRIPT_CANDIDATE,NOT_LOCKED,YES,Topic-family review before permanent numbering
