inventoryRecordId,documentId,documentIdStatus,title,filenameStem,version,lifecycleStatus,controlStatus,category,package,legacySourceArchive,legacySourceMember,legacyPublisher,adaptationMethod,sourceTextCopied,qrRequired,qrTargetStatus,schemaVersion
legacy-tbt-001,,MANAGEMENT_REVIEW,Fall Causes,tbt-source-001-fall-causes-v3-0-draft,3.0,DRAFT,NOT_CONTROLLED,Fall Prevention,06-tbt-library,Tool Box Talks.zip,Reagan/English Safety Meetings Outlines/001-Fall Causes.pdf,"Safety Meeting Outlines, Inc.",TOPIC_HEADING_ONLY_ORIGINAL_MH_CONTENT,NO,YES,NOT_ESTABLISHED,2.2-development
legacy-tbt-002,,MANAGEMENT_REVIEW,Slips & Trips,tbt-source-002-slips-and-trips-v3-0-draft,3.0,DRAFT,NOT_CONTROLLED,General Construction Safety,06-tbt-library,Tool Box Talks.zip,Reagan/English Safety Meetings Outlines/002-Slips & Trips.pdf,"Safety Meeting Outlines, Inc.",TOPIC_HEADING_ONLY_ORIGINAL_MH_CONTENT,NO,YES,NOT_ESTABLISHED,2.2-development
legacy-tbt-003,,MANAGEMENT_REVIEW,"Stairways, Aisles & Walkways",tbt-source-003-stairways-aisles-and-walkways-v3-0-draft,3.0,DRAFT,NOT_CONTROLLED,Ladders and Scaffolds,06-tbt-library,Tool Box Talks.zip,"Reagan/English Safety Meetings Outlines/003-Stairways, Ailes & Walkways.pdf","Safety Meeting Outlines, Inc.",TOPIC_HEADING_ONLY_ORIGINAL_MH_CONTENT,NO,YES,NOT_ESTABLISHED,2.2-development
legacy-tbt-004,,MANAGEMENT_REVIEW,Guardrails,tbt-source-004-guardrails-v3-0-draft,3.0,DRAFT,NOT_CONTROLLED,Fall Prevention,06-tbt-library,Tool Box Talks.zip,Reagan/English Safety Meetings Outlines/004-Gaurdrails.pdf,"Safety Meeting Outlines, Inc.",TOPIC_HEADING_ONLY_ORIGINAL_MH_CONTENT,NO,YES,NOT_ESTABLISHED,2.2-development
legacy-tbt-005,,MANAGEMENT_REVIEW,Fall Protection,tbt-source-005-fall-protection-v3-0-draft,3.0,DRAFT,NOT_CONTROLLED,Fall Prevention,06-tbt-library,Tool Box Talks.zip,Reagan/English Safety Meetings Outlines/005-Fall Protection.pdf,"Safety Meeting Outlines, Inc.",TOPIC_HEADING_ONLY_ORIGINAL_MH_CONTENT,NO,YES,NOT_ESTABLISHED,2.2-development
legacy-tbt-006,,MANAGEMENT_REVIEW,Personal Fall Arrest Systems,tbt-source-006-personal-fall-arrest-systems-v3-0-draft,3.0,DRAFT,NOT_CONTROLLED,Fall Prevention,06-tbt-library,Tool Box Talks.zip,Reagan/English Safety Meetings Outlines/006-Personal Fall Arrest Systems.pdf,"Safety Meeting Outlines, Inc.",TOPIC_HEADING_ONLY_ORIGINAL_MH_CONTENT,NO,YES,NOT_ESTABLISHED,2.2-development
legacy-tbt-007,,MANAGEMENT_REVIEW,Holes & Floor Openings,tbt-source-007-holes-and-floor-openings-v3-0-draft,3.0,DRAFT,NOT_CONTROLLED,Fall Prevention,06-tbt-library,Tool Box Talks.zip,Reagan/English Safety Meetings Outlines/007-Holes & Floor Openings.pdf,"Safety Meeting Outlines, Inc.",TOPIC_HEADING_ONLY_ORIGINAL_MH_CONTENT,NO,YES,NOT_ESTABLISHED,2.2-development
legacy-tbt-008,,MANAGEMENT_REVIEW,Ladders,tbt-source-008-ladders-v3-0-draft,3.0,DRAFT,NOT_CONTROLLED,Ladders and Scaffolds,06-tbt-library,Tool Box Talks.zip,Reagan/English Safety Meetings Outlines/008-Ladders.pdf,"Safety Meeting Outlines, Inc.",TOPIC_HEADING_ONLY_ORIGINAL_MH_CONTENT,NO,YES,NOT_ESTABLISHED,2.2-development
legacy-tbt-009,,MANAGEMENT_REVIEW,Ladder Safety,tbt-source-009-ladder-safety-v3-0-draft,3.0,DRAFT,NOT_CONTROLLED,Ladders and Scaffolds,06-tbt-library,Tool Box Talks.zip,Reagan/English Safety Meetings Outlines/009-Ladder Safety.pdf,"Safety Meeting Outlines, Inc.",TOPIC_HEADING_ONLY_ORIGINAL_MH_CONTENT,NO,YES,NOT_ESTABLISHED,2.2-development
legacy-tbt-010,,MANAGEMENT_REVIEW,Step up to Safety,tbt-source-010-step-up-to-safety-v3-0-draft,3.0,DRAFT,NOT_CONTROLLED,General Construction Safety,06-tbt-library,Tool Box Talks.zip,Reagan/English Safety Meetings Outlines/010-Step up to Safety.pdf,"Safety Meeting Outlines, Inc.",TOPIC_HEADING_ONLY_ORIGINAL_MH_CONTENT,NO,YES,NOT_ESTABLISHED,2.2-development
legacy-tbt-011,,MANAGEMENT_REVIEW,Use & Erection of Ladders,tbt-source-011-use-and-erection-of-ladders-v3-0-draft,3.0,DRAFT,NOT_CONTROLLED,Ladders and Scaffolds,06-tbt-library,Tool Box Talks.zip,Reagan/English Safety Meetings Outlines/011-Use & Erection of Ladders.pdf,"Safety Meeting Outlines, Inc.",TOPIC_HEADING_ONLY_ORIGINAL_MH_CONTENT,NO,YES,NOT_ESTABLISHED,2.2-development
legacy-tbt-012,,MANAGEMENT_REVIEW,Scaffolding I,tbt-source-012-scaffolding-i-v3-0-draft,3.0,DRAFT,NOT_CONTROLLED,Ladders and Scaffolds,06-tbt-library,Tool Box Talks.zip,Reagan/English Safety Meetings Outlines/012-Scaffolding I.pdf,"Safety Meeting Outlines, Inc.",TOPIC_HEADING_ONLY_ORIGINAL_MH_CONTENT,NO,YES,NOT_ESTABLISHED,2.2-development
legacy-tbt-013,,MANAGEMENT_REVIEW,Scaffolding II,tbt-source-013-scaffolding-ii-v3-0-draft,3.0,DRAFT,NOT_CONTROLLED,Ladders and Scaffolds,06-tbt-library,Tool Box Talks.zip,Reagan/English Safety Meetings Outlines/013-Scaffolding II.pdf,"Safety Meeting Outlines, Inc.",TOPIC_HEADING_ONLY_ORIGINAL_MH_CONTENT,NO,YES,NOT_ESTABLISHED,2.2-development
legacy-tbt-014,,MANAGEMENT_REVIEW,Scaffolds,tbt-source-014-scaffolds-v3-0-draft,3.0,DRAFT,NOT_CONTROLLED,Ladders and Scaffolds,06-tbt-library,Tool Box Talks.zip,Reagan/English Safety Meetings Outlines/014-Scaffolds.pdf,"Safety Meeting Outlines, Inc.",TOPIC_HEADING_ONLY_ORIGINAL_MH_CONTENT,NO,YES,NOT_ESTABLISHED,2.2-development
legacy-tbt-015,,MANAGEMENT_REVIEW,Safe Scaffolding,tbt-source-015-safe-scaffolding-v3-0-draft,3.0,DRAFT,NOT_CONTROLLED,Ladders and Scaffolds,06-tbt-library,Tool Box Talks.zip,Reagan/English Safety Meetings Outlines/015-Safe Scaffolding.pdf,"Safety Meeting Outlines, Inc.",TOPIC_HEADING_ONLY_ORIGINAL_MH_CONTENT,NO,YES,NOT_ESTABLISHED,2.2-development
legacy-tbt-016,,MANAGEMENT_REVIEW,"Scaffolds, Permanent Safety on Temporary Structures",tbt-source-016-scaffolds-permanent-safety-on-temporary-structures-v3-0-draft,3.0,DRAFT,NOT_CONTROLLED,Ladders and Scaffolds,06-tbt-library,Tool Box Talks.zip,"Reagan/English Safety Meetings Outlines/016-Scaffolds, Permanent Safety on Temporary Structures.pdf","Safety Meeting Outlines, Inc.",TOPIC_HEADING_ONLY_ORIGINAL_MH_CONTENT,NO,YES,NOT_ESTABLISHED,2.2-development
legacy-tbt-017,,MANAGEMENT_REVIEW,Aerial Lifts & Elevated Platforms,tbt-source-017-aerial-lifts-and-elevated-platforms-v3-0-draft,3.0,DRAFT,NOT_CONTROLLED,Ladders and Scaffolds,06-tbt-library,Tool Box Talks.zip,Reagan/English Safety Meetings Outlines/017-Areal Lifts & Elevated Platforms.pdf,"Safety Meeting Outlines, Inc.",TOPIC_HEADING_ONLY_ORIGINAL_MH_CONTENT,NO,YES,NOT_ESTABLISHED,2.2-development
legacy-tbt-018,,MANAGEMENT_REVIEW,Preventing Deadly Falls,tbt-source-018-preventing-deadly-falls-v3-0-draft,3.0,DRAFT,NOT_CONTROLLED,Fall Prevention,06-tbt-library,Tool Box Talks.zip,Reagan/English Safety Meetings Outlines/018- Preventing Deadly Falls.pdf,"Safety Meeting Outlines, Inc.",TOPIC_HEADING_ONLY_ORIGINAL_MH_CONTENT,NO,YES,NOT_ESTABLISHED,2.2-development
legacy-tbt-019,,MANAGEMENT_REVIEW,Slips & Spills,tbt-source-019-slips-and-spills-v3-0-draft,3.0,DRAFT,NOT_CONTROLLED,General Construction Safety,06-tbt-library,Tool Box Talks.zip,Reagan/English Safety Meetings Outlines/019-Slips & Spills.pdf,"Safety Meeting Outlines, Inc.",TOPIC_HEADING_ONLY_ORIGINAL_MH_CONTENT,NO,YES,NOT_ESTABLISHED,2.2-development
legacy-tbt-020,,MANAGEMENT_REVIEW,Fall Protection Systems,tbt-source-020-fall-protection-systems-v3-0-draft,3.0,DRAFT,NOT_CONTROLLED,Fall Prevention,06-tbt-library,Tool Box Talks.zip,Reagan/English Safety Meetings Outlines/020- Fall Protection Systems.pdf,"Safety Meeting Outlines, Inc.",TOPIC_HEADING_ONLY_ORIGINAL_MH_CONTENT,NO,YES,NOT_ESTABLISHED,2.2-development
legacy-tbt-021,,MANAGEMENT_REVIEW,Pneumatic Tools,tbt-source-021-pneumatic-tools-v3-0-draft,3.0,DRAFT,NOT_CONTROLLED,Tools and Hot Work,06-tbt-library,Tool Box Talks.zip,Reagan/English Safety Meetings Outlines/021-Pneumatic Tools.pdf,"Safety Meeting Outlines, Inc.",TOPIC_HEADING_ONLY_ORIGINAL_MH_CONTENT,NO,YES,NOT_ESTABLISHED,2.2-development
legacy-tbt-022,,MANAGEMENT_REVIEW,Power Tools,tbt-source-022-power-tools-v3-0-draft,3.0,DRAFT,NOT_CONTROLLED,Tools and Hot Work,06-tbt-library,Tool Box Talks.zip,Reagan/English Safety Meetings Outlines/022-Power Tools.pdf,"Safety Meeting Outlines, Inc.",TOPIC_HEADING_ONLY_ORIGINAL_MH_CONTENT,NO,YES,NOT_ESTABLISHED,2.2-development
legacy-tbt-023,,MANAGEMENT_REVIEW,Power Saws,tbt-source-023-power-saws-v3-0-draft,3.0,DRAFT,NOT_CONTROLLED,Tools and Hot Work,06-tbt-library,Tool Box Talks.zip,Reagan/English Safety Meetings Outlines/023-Power Saws.pdf,"Safety Meeting Outlines, Inc.",TOPIC_HEADING_ONLY_ORIGINAL_MH_CONTENT,NO,YES,NOT_ESTABLISHED,2.2-development
legacy-tbt-024,,MANAGEMENT_REVIEW,The Power of Safety,tbt-source-024-the-power-of-safety-v3-0-draft,3.0,DRAFT,NOT_CONTROLLED,General Construction Safety,06-tbt-library,Tool Box Talks.zip,Reagan/English Safety Meetings Outlines/024-The Power of Safety.pdf,"Safety Meeting Outlines, Inc.",TOPIC_HEADING_ONLY_ORIGINAL_MH_CONTENT,NO,YES,NOT_ESTABLISHED,2.2-development
legacy-tbt-025,,MANAGEMENT_REVIEW,Powder-Actuated Tools,tbt-source-025-powder-actuated-tools-v3-0-draft,3.0,DRAFT,NOT_CONTROLLED,Tools and Hot Work,06-tbt-library,Tool Box Talks.zip,Reagan/English Safety Meetings Outlines/025-Powder-Actuated Tools.pdf,"Safety Meeting Outlines, Inc.",TOPIC_HEADING_ONLY_ORIGINAL_MH_CONTENT,NO,YES,NOT_ESTABLISHED,2.2-development
legacy-tbt-026,,MANAGEMENT_REVIEW,Chainsaw Safety,tbt-source-026-chainsaw-safety-v3-0-draft,3.0,DRAFT,NOT_CONTROLLED,Tools and Hot Work,06-tbt-library,Tool Box Talks.zip,Reagan/English Safety Meetings Outlines/026-Chainsaw Safety.pdf,"Safety Meeting Outlines, Inc.",TOPIC_HEADING_ONLY_ORIGINAL_MH_CONTENT,NO,YES,NOT_ESTABLISHED,2.2-development
legacy-tbt-027,,MANAGEMENT_REVIEW,Working Safely with Lasers,tbt-source-027-working-safely-with-lasers-v3-0-draft,3.0,DRAFT,NOT_CONTROLLED,Tools and Hot Work,06-tbt-library,Tool Box Talks.zip,Reagan/English Safety Meetings Outlines/027-Working Safely with Lasers.pdf,"Safety Meeting Outlines, Inc.",TOPIC_HEADING_ONLY_ORIGINAL_MH_CONTENT,NO,YES,NOT_ESTABLISHED,2.2-development
legacy-tbt-028,,MANAGEMENT_REVIEW,Laser Safety,tbt-source-028-laser-safety-v3-0-draft,3.0,DRAFT,NOT_CONTROLLED,Tools and Hot Work,06-tbt-library,Tool Box Talks.zip,Reagan/English Safety Meetings Outlines/028-Laser Safety.pdf,"Safety Meeting Outlines, Inc.",TOPIC_HEADING_ONLY_ORIGINAL_MH_CONTENT,NO,YES,NOT_ESTABLISHED,2.2-development
legacy-tbt-029,,MANAGEMENT_REVIEW,Tools,tbt-source-029-tools-v3-0-draft,3.0,DRAFT,NOT_CONTROLLED,Tools and Hot Work,06-tbt-library,Tool Box Talks.zip,Reagan/English Safety Meetings Outlines/029-Tools.pdf,"Safety Meeting Outlines, Inc.",TOPIC_HEADING_ONLY_ORIGINAL_MH_CONTENT,NO,YES,NOT_ESTABLISHED,2.2-development
legacy-tbt-030,,MANAGEMENT_REVIEW,Torches,tbt-source-030-torches-v3-0-draft,3.0,DRAFT,NOT_CONTROLLED,Tools and Hot Work,06-tbt-library,Tool Box Talks.zip,Reagan/English Safety Meetings Outlines/030-Torches.pdf,"Safety Meeting Outlines, Inc.",TOPIC_HEADING_ONLY_ORIGINAL_MH_CONTENT,NO,YES,NOT_ESTABLISHED,2.2-development
legacy-tbt-031,,MANAGEMENT_REVIEW,Hand Tools,tbt-source-031-hand-tools-v3-0-draft,3.0,DRAFT,NOT_CONTROLLED,Tools and Hot Work,06-tbt-library,Tool Box Talks.zip,Reagan/English Safety Meetings Outlines/031-Hand Tools.pdf,"Safety Meeting Outlines, Inc.",TOPIC_HEADING_ONLY_ORIGINAL_MH_CONTENT,NO,YES,NOT_ESTABLISHED,2.2-development
legacy-tbt-032,,MANAGEMENT_REVIEW,Care of Hand Tools,tbt-source-032-care-of-hand-tools-v3-0-draft,3.0,DRAFT,NOT_CONTROLLED,Tools and Hot Work,06-tbt-library,Tool Box Talks.zip,Reagan/English Safety Meetings Outlines/032-Care of Hand Tools.pdf,"Safety Meeting Outlines, Inc.",TOPIC_HEADING_ONLY_ORIGINAL_MH_CONTENT,NO,YES,NOT_ESTABLISHED,2.2-development
legacy-tbt-033,,MANAGEMENT_REVIEW,"Chisels,Screwdrivers & Sharp Points",tbt-source-033-chisels-screwdrivers-and-sharp-points-v3-0-draft,3.0,DRAFT,NOT_CONTROLLED,Tools and Hot Work,06-tbt-library,Tool Box Talks.zip,"Reagan/English Safety Meetings Outlines/033-Chisels,Screwdriders & Sharp Pionts.pdf","Safety Meeting Outlines, Inc.",TOPIC_HEADING_ONLY_ORIGINAL_MH_CONTENT,NO,YES,NOT_ESTABLISHED,2.2-development
legacy-tbt-034,,MANAGEMENT_REVIEW,Hammers & Other Impact Tools,tbt-source-034-hammers-and-other-impact-tools-v3-0-draft,3.0,DRAFT,NOT_CONTROLLED,Tools and Hot Work,06-tbt-library,Tool Box Talks.zip,Reagan/English Safety Meetings Outlines/034- Hammers & Other Impact Tools.pdf,"Safety Meeting Outlines, Inc.",TOPIC_HEADING_ONLY_ORIGINAL_MH_CONTENT,NO,YES,NOT_ESTABLISHED,2.2-development
legacy-tbt-035,,MANAGEMENT_REVIEW,Adjusting & Changing Tool Accessories,tbt-source-035-adjusting-and-changing-tool-accessories-v3-0-draft,3.0,DRAFT,NOT_CONTROLLED,Tools and Hot Work,06-tbt-library,Tool Box Talks.zip,Reagan/English Safety Meetings Outlines/035-Adjusting & Changing Tool Accesories.pdf,"Safety Meeting Outlines, Inc.",TOPIC_HEADING_ONLY_ORIGINAL_MH_CONTENT,NO,YES,NOT_ESTABLISHED,2.2-development
legacy-tbt-036,,MANAGEMENT_REVIEW,Handling Sharp Tools & Other Objects,tbt-source-036-handling-sharp-tools-and-other-objects-v3-0-draft,3.0,DRAFT,NOT_CONTROLLED,Tools and Hot Work,06-tbt-library,Tool Box Talks.zip,Reagan/English Safety Meetings Outlines/036-Handeling Sharp Tools & Other Objects.pdf,"Safety Meeting Outlines, Inc.",TOPIC_HEADING_ONLY_ORIGINAL_MH_CONTENT,NO,YES,NOT_ESTABLISHED,2.2-development
legacy-tbt-037,,MANAGEMENT_REVIEW,Hand Tools & Power Tools,tbt-source-037-hand-tools-and-power-tools-v3-0-draft,3.0,DRAFT,NOT_CONTROLLED,Tools and Hot Work,06-tbt-library,Tool Box Talks.zip,Reagan/English Safety Meetings Outlines/037-Hand Tools & Power Tools.pdf,"Safety Meeting Outlines, Inc.",TOPIC_HEADING_ONLY_ORIGINAL_MH_CONTENT,NO,YES,NOT_ESTABLISHED,2.2-development
legacy-tbt-038,,MANAGEMENT_REVIEW,Fire Prevention,tbt-source-038-fire-prevention-v3-0-draft,3.0,DRAFT,NOT_CONTROLLED,Fire and Emergency,06-tbt-library,Tool Box Talks.zip,Reagan/English Safety Meetings Outlines/038-Fire Prevention.pdf,"Safety Meeting Outlines, Inc.",TOPIC_HEADING_ONLY_ORIGINAL_MH_CONTENT,NO,YES,NOT_ESTABLISHED,2.2-development
legacy-tbt-039,,MANAGEMENT_REVIEW,Portable Heaters,tbt-source-039-portable-heaters-v3-0-draft,3.0,DRAFT,NOT_CONTROLLED,Fire and Emergency,06-tbt-library,Tool Box Talks.zip,Reagan/English Safety Meetings Outlines/039-Portable Heaters.pdf,"Safety Meeting Outlines, Inc.",TOPIC_HEADING_ONLY_ORIGINAL_MH_CONTENT,NO,YES,NOT_ESTABLISHED,2.2-development
legacy-tbt-040,,MANAGEMENT_REVIEW,Preparing for an Emergency,tbt-source-040-preparing-for-an-emergency-v3-0-draft,3.0,DRAFT,NOT_CONTROLLED,Fire and Emergency,06-tbt-library,Tool Box Talks.zip,Reagan/English Safety Meetings Outlines/040-Preparing for an Emergancy.pdf,"Safety Meeting Outlines, Inc.",TOPIC_HEADING_ONLY_ORIGINAL_MH_CONTENT,NO,YES,NOT_ESTABLISHED,2.2-development
legacy-tbt-041,,MANAGEMENT_REVIEW,"Portable Heaters, Staying Warm & Safe",tbt-source-041-portable-heaters-staying-warm-and-safe-v3-0-draft,3.0,DRAFT,NOT_CONTROLLED,Fire and Emergency,06-tbt-library,Tool Box Talks.zip,"Reagan/English Safety Meetings Outlines/041-Portable Heaters, Staying Warm & Safe.pdf","Safety Meeting Outlines, Inc.",TOPIC_HEADING_ONLY_ORIGINAL_MH_CONTENT,NO,YES,NOT_ESTABLISHED,2.2-development
legacy-tbt-042,,MANAGEMENT_REVIEW,Safety on the Small Job,tbt-source-042-safety-on-the-small-job-v3-0-draft,3.0,DRAFT,NOT_CONTROLLED,General Work Controls,06-tbt-library,Tool Box Talks.zip,Reagan/English Safety Meetings Outlines/042-Safety on the Small Job.pdf,"Safety Meeting Outlines, Inc.",TOPIC_HEADING_ONLY_ORIGINAL_MH_CONTENT,NO,YES,NOT_ESTABLISHED,2.2-development
legacy-tbt-043,,MANAGEMENT_REVIEW,Safety for Home Builders,tbt-source-043-safety-for-home-builders-v3-0-draft,3.0,DRAFT,NOT_CONTROLLED,General Work Controls,06-tbt-library,Tool Box Talks.zip,Reagan/English Safety Meetings Outlines/043-Safety for Home Builders.pdf,"Safety Meeting Outlines, Inc.",TOPIC_HEADING_ONLY_ORIGINAL_MH_CONTENT,NO,YES,NOT_ESTABLISHED,2.2-development
legacy-tbt-044,,MANAGEMENT_REVIEW,"Paints, Finishes & Coatings",tbt-source-044-paints-finishes-and-coatings-v3-0-draft,3.0,DRAFT,NOT_CONTROLLED,Electrical and Hazard Communication,06-tbt-library,Tool Box Talks.zip,"Reagan/English Safety Meetings Outlines/044-Paints, Finishes & Coatings.pdf","Safety Meeting Outlines, Inc.",TOPIC_HEADING_ONLY_ORIGINAL_MH_CONTENT,NO,YES,NOT_ESTABLISHED,2.2-development
legacy-tbt-045,,MANAGEMENT_REVIEW,Demolition,tbt-source-045-demolition-v3-0-draft,3.0,DRAFT,NOT_CONTROLLED,General Construction Safety,06-tbt-library,Tool Box Talks.zip,Reagan/English Safety Meetings Outlines/045-Demolition.pdf,"Safety Meeting Outlines, Inc.",TOPIC_HEADING_ONLY_ORIGINAL_MH_CONTENT,NO,YES,NOT_ESTABLISHED,2.2-development
legacy-tbt-046,,MANAGEMENT_REVIEW,Demolition Dangers,tbt-source-046-demolition-dangers-v3-0-draft,3.0,DRAFT,NOT_CONTROLLED,General Construction Safety,06-tbt-library,Tool Box Talks.zip,Reagan/English Safety Meetings Outlines/046-Demolition Dangers.pdf,"Safety Meeting Outlines, Inc.",TOPIC_HEADING_ONLY_ORIGINAL_MH_CONTENT,NO,YES,NOT_ESTABLISHED,2.2-development
legacy-tbt-047,,MANAGEMENT_REVIEW,Welding& Cutting Safety,tbt-source-047-welding-and-cutting-safety-v3-0-draft,3.0,DRAFT,NOT_CONTROLLED,Tools and Hot Work,06-tbt-library,Tool Box Talks.zip,Reagan/English Safety Meetings Outlines/047-Welding& Cutting Safety.pdf,"Safety Meeting Outlines, Inc.",TOPIC_HEADING_ONLY_ORIGINAL_MH_CONTENT,NO,YES,NOT_ESTABLISHED,2.2-development
legacy-tbt-048,,MANAGEMENT_REVIEW,Concrete,tbt-source-048-concrete-v3-0-draft,3.0,DRAFT,NOT_CONTROLLED,General Construction Safety,06-tbt-library,Tool Box Talks.zip,Reagan/English Safety Meetings Outlines/048-Concrete.pdf,"Safety Meeting Outlines, Inc.",TOPIC_HEADING_ONLY_ORIGINAL_MH_CONTENT,NO,YES,NOT_ESTABLISHED,2.2-development
legacy-tbt-049,,MANAGEMENT_REVIEW,Concrete & Form Work,tbt-source-049-concrete-and-form-work-v3-0-draft,3.0,DRAFT,NOT_CONTROLLED,General Construction Safety,06-tbt-library,Tool Box Talks.zip,Reagan/English Safety Meetings Outlines/049-Concrete & Form Work.pdf,"Safety Meeting Outlines, Inc.",TOPIC_HEADING_ONLY_ORIGINAL_MH_CONTENT,NO,YES,NOT_ESTABLISHED,2.2-development
legacy-tbt-050,,MANAGEMENT_REVIEW,Roofing,tbt-source-050-roofing-v3-0-draft,3.0,DRAFT,NOT_CONTROLLED,Fall Prevention,06-tbt-library,Tool Box Talks.zip,Reagan/English Safety Meetings Outlines/050-Roofing.pdf,"Safety Meeting Outlines, Inc.",TOPIC_HEADING_ONLY_ORIGINAL_MH_CONTENT,NO,YES,NOT_ESTABLISHED,2.2-development
legacy-tbt-051,,MANAGEMENT_REVIEW,Roofing Safety,tbt-source-051-roofing-safety-v3-0-draft,3.0,DRAFT,NOT_CONTROLLED,Fall Prevention,06-tbt-library,Tool Box Talks.zip,Reagan/English Safety Meetings Outlines/051-Roofing Safety.pdf,"Safety Meeting Outlines, Inc.",TOPIC_HEADING_ONLY_ORIGINAL_MH_CONTENT,NO,YES,NOT_ESTABLISHED,2.2-development
legacy-tbt-052,,MANAGEMENT_REVIEW,Motor Vehicles & Your Safety,tbt-source-052-motor-vehicles-and-your-safety-v3-0-draft,3.0,DRAFT,NOT_CONTROLLED,Equipment and Mobile Operations,06-tbt-library,Tool Box Talks.zip,Reagan/English Safety Meetings Outlines/052-Motor Vehicles & Your Safety.pdf,"Safety Meeting Outlines, Inc.",TOPIC_HEADING_ONLY_ORIGINAL_MH_CONTENT,NO,YES,NOT_ESTABLISHED,2.2-development
legacy-tbt-053,,MANAGEMENT_REVIEW,Defensive Driving I,tbt-source-053-defensive-driving-i-v3-0-draft,3.0,DRAFT,NOT_CONTROLLED,Equipment and Mobile Operations,06-tbt-library,Tool Box Talks.zip,Reagan/English Safety Meetings Outlines/053-Defensive Driving I.pdf,"Safety Meeting Outlines, Inc.",TOPIC_HEADING_ONLY_ORIGINAL_MH_CONTENT,NO,YES,NOT_ESTABLISHED,2.2-development
legacy-tbt-054,,MANAGEMENT_REVIEW,Defensive Driving II,tbt-source-054-defensive-driving-ii-v3-0-draft,3.0,DRAFT,NOT_CONTROLLED,Equipment and Mobile Operations,06-tbt-library,Tool Box Talks.zip,Reagan/English Safety Meetings Outlines/054-Defensive Driving II.pdf,"Safety Meeting Outlines, Inc.",TOPIC_HEADING_ONLY_ORIGINAL_MH_CONTENT,NO,YES,NOT_ESTABLISHED,2.2-development
legacy-tbt-055,,MANAGEMENT_REVIEW,Road Construction Ahead,tbt-source-055-road-construction-ahead-v3-0-draft,3.0,DRAFT,NOT_CONTROLLED,Equipment and Mobile Operations,06-tbt-library,Tool Box Talks.zip,Reagan/English Safety Meetings Outlines/055-Road Construction Ahead.pdf,"Safety Meeting Outlines, Inc.",TOPIC_HEADING_ONLY_ORIGINAL_MH_CONTENT,NO,YES,NOT_ESTABLISHED,2.2-development
legacy-tbt-056,,MANAGEMENT_REVIEW,Work Zone Safety I,tbt-source-056-work-zone-safety-i-v3-0-draft,3.0,DRAFT,NOT_CONTROLLED,General Construction Safety,06-tbt-library,Tool Box Talks.zip,Reagan/English Safety Meetings Outlines/056-Work Zone Safety I.pdf,"Safety Meeting Outlines, Inc.",TOPIC_HEADING_ONLY_ORIGINAL_MH_CONTENT,NO,YES,NOT_ESTABLISHED,2.2-development
legacy-tbt-057,,MANAGEMENT_REVIEW,Work Zone Safety II,tbt-source-057-work-zone-safety-ii-v3-0-draft,3.0,DRAFT,NOT_CONTROLLED,General Construction Safety,06-tbt-library,Tool Box Talks.zip,Reagan/English Safety Meetings Outlines/057-Work Zone Safety II.pdf,"Safety Meeting Outlines, Inc.",TOPIC_HEADING_ONLY_ORIGINAL_MH_CONTENT,NO,YES,NOT_ESTABLISHED,2.2-development
legacy-tbt-058,,MANAGEMENT_REVIEW,Heavy Equipment,tbt-source-058-heavy-equipment-v3-0-draft,3.0,DRAFT,NOT_CONTROLLED,Equipment and Mobile Operations,06-tbt-library,Tool Box Talks.zip,Reagan/English Safety Meetings Outlines/058-Heavy Equipment.pdf,"Safety Meeting Outlines, Inc.",TOPIC_HEADING_ONLY_ORIGINAL_MH_CONTENT,NO,YES,NOT_ESTABLISHED,2.2-development
legacy-tbt-059,,MANAGEMENT_REVIEW,Equipment Dangers,tbt-source-059-equipment-dangers-v3-0-draft,3.0,DRAFT,NOT_CONTROLLED,Equipment and Mobile Operations,06-tbt-library,Tool Box Talks.zip,Reagan/English Safety Meetings Outlines/059-Equipment Dangers.pdf,"Safety Meeting Outlines, Inc.",TOPIC_HEADING_ONLY_ORIGINAL_MH_CONTENT,NO,YES,NOT_ESTABLISHED,2.2-development
legacy-tbt-060,,MANAGEMENT_REVIEW,Construction Forklifts,tbt-source-060-construction-forklifts-v3-0-draft,3.0,DRAFT,NOT_CONTROLLED,Equipment and Mobile Operations,06-tbt-library,Tool Box Talks.zip,Reagan/English Safety Meetings Outlines/060-Construction Forklifts.pdf,"Safety Meeting Outlines, Inc.",TOPIC_HEADING_ONLY_ORIGINAL_MH_CONTENT,NO,YES,NOT_ESTABLISHED,2.2-development
legacy-tbt-061,,MANAGEMENT_REVIEW,"Excavation Safety, Can You Dig It",tbt-source-061-excavation-safety-can-you-dig-it-v3-0-draft,3.0,DRAFT,NOT_CONTROLLED,Equipment and Mobile Operations,06-tbt-library,Tool Box Talks.zip,"Reagan/English Safety Meetings Outlines/061-Excavation Safety, Can You Dig It.pdf","Safety Meeting Outlines, Inc.",TOPIC_HEADING_ONLY_ORIGINAL_MH_CONTENT,NO,YES,NOT_ESTABLISHED,2.2-development
legacy-tbt-062,,MANAGEMENT_REVIEW,"Utility Hazards, Underground & Overhead",tbt-source-062-utility-hazards-underground-and-overhead-v3-0-draft,3.0,DRAFT,NOT_CONTROLLED,Equipment and Mobile Operations,06-tbt-library,Tool Box Talks.zip,"Reagan/English Safety Meetings Outlines/062-Utility Hazards, Underground & Overhead.pdf","Safety Meeting Outlines, Inc.",TOPIC_HEADING_ONLY_ORIGINAL_MH_CONTENT,NO,YES,NOT_ESTABLISHED,2.2-development
legacy-tbt-063,,MANAGEMENT_REVIEW,Underground Utilities,tbt-source-063-underground-utilities-v3-0-draft,3.0,DRAFT,NOT_CONTROLLED,General Construction Safety,06-tbt-library,Tool Box Talks.zip,Reagan/English Safety Meetings Outlines/063-Underground Utilities.pdf,"Safety Meeting Outlines, Inc.",TOPIC_HEADING_ONLY_ORIGINAL_MH_CONTENT,NO,YES,NOT_ESTABLISHED,2.2-development
legacy-tbt-064,,MANAGEMENT_REVIEW,First Aid,tbt-source-064-first-aid-v3-0-draft,3.0,DRAFT,NOT_CONTROLLED,Health and First Aid,06-tbt-library,Tool Box Talks.zip,Reagan/English Safety Meetings Outlines/064-First Aid.pdf,"Safety Meeting Outlines, Inc.",TOPIC_HEADING_ONLY_ORIGINAL_MH_CONTENT,NO,YES,NOT_ESTABLISHED,2.2-development
legacy-tbt-065,,MANAGEMENT_REVIEW,First Aid Kits,tbt-source-065-first-aid-kits-v3-0-draft,3.0,DRAFT,NOT_CONTROLLED,Health and First Aid,06-tbt-library,Tool Box Talks.zip,Reagan/English Safety Meetings Outlines/065-First Aid Kits.pdf,"Safety Meeting Outlines, Inc.",TOPIC_HEADING_ONLY_ORIGINAL_MH_CONTENT,NO,YES,NOT_ESTABLISHED,2.2-development
legacy-tbt-066,,MANAGEMENT_REVIEW,First Aid For Eye Injuries,tbt-source-066-first-aid-for-eye-injuries-v3-0-draft,3.0,DRAFT,NOT_CONTROLLED,Health and First Aid,06-tbt-library,Tool Box Talks.zip,Reagan/English Safety Meetings Outlines/066-First Aid For Eye Injuries.pdf,"Safety Meeting Outlines, Inc.",TOPIC_HEADING_ONLY_ORIGINAL_MH_CONTENT,NO,YES,NOT_ESTABLISHED,2.2-development
legacy-tbt-067,,MANAGEMENT_REVIEW,"Preventing Cuts, It's all in your hands",tbt-source-067-preventing-cuts-it-s-all-in-your-hands-v3-0-draft,3.0,DRAFT,NOT_CONTROLLED,Health and First Aid,06-tbt-library,Tool Box Talks.zip,"Reagan/English Safety Meetings Outlines/067-Preventing Cuts, It's all in your hands.pdf","Safety Meeting Outlines, Inc.",TOPIC_HEADING_ONLY_ORIGINAL_MH_CONTENT,NO,YES,NOT_ESTABLISHED,2.2-development
legacy-tbt-068,,MANAGEMENT_REVIEW,It's Just A Little Cut,tbt-source-068-it-s-just-a-little-cut-v3-0-draft,3.0,DRAFT,NOT_CONTROLLED,Health and First Aid,06-tbt-library,Tool Box Talks.zip,Reagan/English Safety Meetings Outlines/068-It's Just A Little Cut.pdf,"Safety Meeting Outlines, Inc.",TOPIC_HEADING_ONLY_ORIGINAL_MH_CONTENT,NO,YES,NOT_ESTABLISHED,2.2-development
legacy-tbt-069,,MANAGEMENT_REVIEW,What To Do When Someone Is Injured,tbt-source-069-what-to-do-when-someone-is-injured-v3-0-draft,3.0,DRAFT,NOT_CONTROLLED,Health and First Aid,06-tbt-library,Tool Box Talks.zip,Reagan/English Safety Meetings Outlines/069-What To Do When Someone Is Injured.pdf,"Safety Meeting Outlines, Inc.",TOPIC_HEADING_ONLY_ORIGINAL_MH_CONTENT,NO,YES,NOT_ESTABLISHED,2.2-development
legacy-tbt-070,,MANAGEMENT_REVIEW,Bloodborne Pathogens,tbt-source-070-bloodborne-pathogens-v3-0-draft,3.0,DRAFT,NOT_CONTROLLED,Health and First Aid,06-tbt-library,Tool Box Talks.zip,Reagan/English Safety Meetings Outlines/070-Bloodborne Pathogens.pdf,"Safety Meeting Outlines, Inc.",TOPIC_HEADING_ONLY_ORIGINAL_MH_CONTENT,NO,YES,NOT_ESTABLISHED,2.2-development
legacy-tbt-071,,MANAGEMENT_REVIEW,Burns I,tbt-source-071-burns-i-v3-0-draft,3.0,DRAFT,NOT_CONTROLLED,Fire and Emergency,06-tbt-library,Tool Box Talks.zip,Reagan/English Safety Meetings Outlines/071-Burns I.pdf,"Safety Meeting Outlines, Inc.",TOPIC_HEADING_ONLY_ORIGINAL_MH_CONTENT,NO,YES,NOT_ESTABLISHED,2.2-development
legacy-tbt-072,,MANAGEMENT_REVIEW,Burns II,tbt-source-072-burns-ii-v3-0-draft,3.0,DRAFT,NOT_CONTROLLED,Fire and Emergency,06-tbt-library,Tool Box Talks.zip,Reagan/English Safety Meetings Outlines/072-Burns II.pdf,"Safety Meeting Outlines, Inc.",TOPIC_HEADING_ONLY_ORIGINAL_MH_CONTENT,NO,YES,NOT_ESTABLISHED,2.2-development
legacy-tbt-073,,MANAGEMENT_REVIEW,Prompt Care Can Prevent Infection,tbt-source-073-prompt-care-can-prevent-infection-v3-0-draft,3.0,DRAFT,NOT_CONTROLLED,Health and First Aid,06-tbt-library,Tool Box Talks.zip,Reagan/English Safety Meetings Outlines/073-Prompt Care Can Prevent Infection.pdf,"Safety Meeting Outlines, Inc.",TOPIC_HEADING_ONLY_ORIGINAL_MH_CONTENT,NO,YES,NOT_ESTABLISHED,2.2-development
legacy-tbt-074,,MANAGEMENT_REVIEW,Plan Safety Into Your Day,tbt-source-074-plan-safety-into-your-day-v3-0-draft,3.0,DRAFT,NOT_CONTROLLED,General Work Controls,06-tbt-library,Tool Box Talks.zip,Reagan/English Safety Meetings Outlines/074-Plan Safety Into Your Day.pdf,"Safety Meeting Outlines, Inc.",TOPIC_HEADING_ONLY_ORIGINAL_MH_CONTENT,NO,YES,NOT_ESTABLISHED,2.2-development
legacy-tbt-075,,MANAGEMENT_REVIEW,Housekeeping I,tbt-source-075-housekeeping-i-v3-0-draft,3.0,DRAFT,NOT_CONTROLLED,General Work Controls,06-tbt-library,Tool Box Talks.zip,Reagan/English Safety Meetings Outlines/075-Housekeeping I.pdf,"Safety Meeting Outlines, Inc.",TOPIC_HEADING_ONLY_ORIGINAL_MH_CONTENT,NO,YES,NOT_ESTABLISHED,2.2-development
legacy-tbt-076,,MANAGEMENT_REVIEW,Housekeeping II,tbt-source-076-housekeeping-ii-v3-0-draft,3.0,DRAFT,NOT_CONTROLLED,General Work Controls,06-tbt-library,Tool Box Talks.zip,Reagan/English Safety Meetings Outlines/076-Housekeeping II.pdf,"Safety Meeting Outlines, Inc.",TOPIC_HEADING_ONLY_ORIGINAL_MH_CONTENT,NO,YES,NOT_ESTABLISHED,2.2-development
legacy-tbt-077,,MANAGEMENT_REVIEW,Accident Investigation,tbt-source-077-accident-investigation-v3-0-draft,3.0,DRAFT,NOT_CONTROLLED,General Construction Safety,06-tbt-library,Tool Box Talks.zip,Reagan/English Safety Meetings Outlines/077-Accident Investigation.pdf,"Safety Meeting Outlines, Inc.",TOPIC_HEADING_ONLY_ORIGINAL_MH_CONTENT,NO,YES,NOT_ESTABLISHED,2.2-development
legacy-tbt-078,,MANAGEMENT_REVIEW,A Safe State Of Mind,tbt-source-078-a-safe-state-of-mind-v3-0-draft,3.0,DRAFT,NOT_CONTROLLED,General Construction Safety,06-tbt-library,Tool Box Talks.zip,Reagan/English Safety Meetings Outlines/078-A Safe State Of Mind.pdf,"Safety Meeting Outlines, Inc.",TOPIC_HEADING_ONLY_ORIGINAL_MH_CONTENT,NO,YES,NOT_ESTABLISHED,2.2-development
legacy-tbt-079,,MANAGEMENT_REVIEW,Save Attitudes Save Lives,tbt-source-079-save-attitudes-save-lives-v3-0-draft,3.0,DRAFT,NOT_CONTROLLED,General Work Controls,06-tbt-library,Tool Box Talks.zip,Reagan/English Safety Meetings Outlines/079-Save Attitudes Save Lives.pdf,"Safety Meeting Outlines, Inc.",TOPIC_HEADING_ONLY_ORIGINAL_MH_CONTENT,NO,YES,NOT_ESTABLISHED,2.2-development
legacy-tbt-080,,MANAGEMENT_REVIEW,Supervisor For The Day,tbt-source-080-supervisor-for-the-day-v3-0-draft,3.0,DRAFT,NOT_CONTROLLED,General Work Controls,06-tbt-library,Tool Box Talks.zip,Reagan/English Safety Meetings Outlines/080-Supervisor For The Day.pdf,"Safety Meeting Outlines, Inc.",TOPIC_HEADING_ONLY_ORIGINAL_MH_CONTENT,NO,YES,NOT_ESTABLISHED,2.2-development
legacy-tbt-081,,MANAGEMENT_REVIEW,Your Safety Attitude,tbt-source-081-your-safety-attitude-v3-0-draft,3.0,DRAFT,NOT_CONTROLLED,General Work Controls,06-tbt-library,Tool Box Talks.zip,Reagan/English Safety Meetings Outlines/081-Your Safety Attitude.pdf,"Safety Meeting Outlines, Inc.",TOPIC_HEADING_ONLY_ORIGINAL_MH_CONTENT,NO,YES,NOT_ESTABLISHED,2.2-development
legacy-tbt-082,,MANAGEMENT_REVIEW,First Day On The Job I,tbt-source-082-first-day-on-the-job-i-v3-0-draft,3.0,DRAFT,NOT_CONTROLLED,General Work Controls,06-tbt-library,Tool Box Talks.zip,Reagan/English Safety Meetings Outlines/082-First Day On The Job I.pdf,"Safety Meeting Outlines, Inc.",TOPIC_HEADING_ONLY_ORIGINAL_MH_CONTENT,NO,YES,NOT_ESTABLISHED,2.2-development
legacy-tbt-083,,MANAGEMENT_REVIEW,First Day On The Job II,tbt-source-083-first-day-on-the-job-ii-v3-0-draft,3.0,DRAFT,NOT_CONTROLLED,General Work Controls,06-tbt-library,Tool Box Talks.zip,Reagan/English Safety Meetings Outlines/083-First Day On The Job II.pdf,"Safety Meeting Outlines, Inc.",TOPIC_HEADING_ONLY_ORIGINAL_MH_CONTENT,NO,YES,NOT_ESTABLISHED,2.2-development
legacy-tbt-084,,MANAGEMENT_REVIEW,Harassment & Discrimination,tbt-source-084-harassment-and-discrimination-v3-0-draft,3.0,DRAFT,NOT_CONTROLLED,General Construction Safety,06-tbt-library,Tool Box Talks.zip,Reagan/English Safety Meetings Outlines/084-Harrasment & Discrimination.pdf,"Safety Meeting Outlines, Inc.",TOPIC_HEADING_ONLY_ORIGINAL_MH_CONTENT,NO,YES,NOT_ESTABLISHED,2.2-development
legacy-tbt-085,,MANAGEMENT_REVIEW,Bad Habits & How To Change Them,tbt-source-085-bad-habits-and-how-to-change-them-v3-0-draft,3.0,DRAFT,NOT_CONTROLLED,General Work Controls,06-tbt-library,Tool Box Talks.zip,Reagan/English Safety Meetings Outlines/085-Bad Habits & How To Change Them.pdf,"Safety Meeting Outlines, Inc.",TOPIC_HEADING_ONLY_ORIGINAL_MH_CONTENT,NO,YES,NOT_ESTABLISHED,2.2-development
legacy-tbt-086,,MANAGEMENT_REVIEW,Unsafe Acts,tbt-source-086-unsafe-acts-v3-0-draft,3.0,DRAFT,NOT_CONTROLLED,General Work Controls,06-tbt-library,Tool Box Talks.zip,Reagan/English Safety Meetings Outlines/086-Unsafe Acts.pdf,"Safety Meeting Outlines, Inc.",TOPIC_HEADING_ONLY_ORIGINAL_MH_CONTENT,NO,YES,NOT_ESTABLISHED,2.2-development
legacy-tbt-087,,MANAGEMENT_REVIEW,Horseplay,tbt-source-087-horseplay-v3-0-draft,3.0,DRAFT,NOT_CONTROLLED,General Work Controls,06-tbt-library,Tool Box Talks.zip,Reagan/English Safety Meetings Outlines/087-Horseplay.pdf,"Safety Meeting Outlines, Inc.",TOPIC_HEADING_ONLY_ORIGINAL_MH_CONTENT,NO,YES,NOT_ESTABLISHED,2.2-development
legacy-tbt-088,,MANAGEMENT_REVIEW,"Practical Jokes, Games & Contests",tbt-source-088-practical-jokes-games-and-contests-v3-0-draft,3.0,DRAFT,NOT_CONTROLLED,General Work Controls,06-tbt-library,Tool Box Talks.zip,"Reagan/English Safety Meetings Outlines/088-Practical Jokes, Games & Contests.pdf","Safety Meeting Outlines, Inc.",TOPIC_HEADING_ONLY_ORIGINAL_MH_CONTENT,NO,YES,NOT_ESTABLISHED,2.2-development
legacy-tbt-089,,MANAGEMENT_REVIEW,Stress Management,tbt-source-089-stress-management-v3-0-draft,3.0,DRAFT,NOT_CONTROLLED,Health and First Aid,06-tbt-library,Tool Box Talks.zip,Reagan/English Safety Meetings Outlines/089-Stress Management.pdf,"Safety Meeting Outlines, Inc.",TOPIC_HEADING_ONLY_ORIGINAL_MH_CONTENT,NO,YES,NOT_ESTABLISHED,2.2-development
legacy-tbt-090,,MANAGEMENT_REVIEW,"Partners In Safety, Your Coworkers & You",tbt-source-090-partners-in-safety-your-coworkers-and-you-v3-0-draft,3.0,DRAFT,NOT_CONTROLLED,General Construction Safety,06-tbt-library,Tool Box Talks.zip,"Reagan/English Safety Meetings Outlines/090-Partners In Safety, Your Coworkers & You.pdf","Safety Meeting Outlines, Inc.",TOPIC_HEADING_ONLY_ORIGINAL_MH_CONTENT,NO,YES,NOT_ESTABLISHED,2.2-development
legacy-tbt-091,,MANAGEMENT_REVIEW,MSDS I,tbt-source-091-msds-i-v3-0-draft,3.0,DRAFT,NOT_CONTROLLED,Electrical and Hazard Communication,06-tbt-library,Tool Box Talks.zip,Reagan/English Safety Meetings Outlines/091-MSDS I.pdf,"Safety Meeting Outlines, Inc.",TOPIC_HEADING_ONLY_ORIGINAL_MH_CONTENT,NO,YES,NOT_ESTABLISHED,2.2-development
legacy-tbt-092,,MANAGEMENT_REVIEW,MSDS II,tbt-source-092-msds-ii-v3-0-draft,3.0,DRAFT,NOT_CONTROLLED,Electrical and Hazard Communication,06-tbt-library,Tool Box Talks.zip,Reagan/English Safety Meetings Outlines/092-MSDS II.pdf,"Safety Meeting Outlines, Inc.",TOPIC_HEADING_ONLY_ORIGINAL_MH_CONTENT,NO,YES,NOT_ESTABLISHED,2.2-development
legacy-tbt-093,,MANAGEMENT_REVIEW,Hazardous Materials,tbt-source-093-hazardous-materials-v3-0-draft,3.0,DRAFT,NOT_CONTROLLED,Electrical and Hazard Communication,06-tbt-library,Tool Box Talks.zip,Reagan/English Safety Meetings Outlines/093-Hazardus Materials.pdf,"Safety Meeting Outlines, Inc.",TOPIC_HEADING_ONLY_ORIGINAL_MH_CONTENT,NO,YES,NOT_ESTABLISHED,2.2-development
legacy-tbt-094,,MANAGEMENT_REVIEW,Electrical Safety I,tbt-source-094-electrical-safety-i-v3-0-draft,3.0,DRAFT,NOT_CONTROLLED,Electrical and Hazard Communication,06-tbt-library,Tool Box Talks.zip,Reagan/English Safety Meetings Outlines/094- Electrical Safety I.pdf,"Safety Meeting Outlines, Inc.",TOPIC_HEADING_ONLY_ORIGINAL_MH_CONTENT,NO,YES,NOT_ESTABLISHED,2.2-development
legacy-tbt-095,,MANAGEMENT_REVIEW,Electrical Safety II,tbt-source-095-electrical-safety-ii-v3-0-draft,3.0,DRAFT,NOT_CONTROLLED,Electrical and Hazard Communication,06-tbt-library,Tool Box Talks.zip,Reagan/English Safety Meetings Outlines/095-Electrical Safety II.pdf,"Safety Meeting Outlines, Inc.",TOPIC_HEADING_ONLY_ORIGINAL_MH_CONTENT,NO,YES,NOT_ESTABLISHED,2.2-development
legacy-tbt-096,,MANAGEMENT_REVIEW,Grounding Portable Electric Tools,tbt-source-096-grounding-portable-electric-tools-v3-0-draft,3.0,DRAFT,NOT_CONTROLLED,Tools and Hot Work,06-tbt-library,Tool Box Talks.zip,Reagan/English Safety Meetings Outlines/096-Grounding Portable Electric Tools.pdf,"Safety Meeting Outlines, Inc.",TOPIC_HEADING_ONLY_ORIGINAL_MH_CONTENT,NO,YES,NOT_ESTABLISHED,2.2-development
legacy-tbt-097,,MANAGEMENT_REVIEW,Extend Your Knowledge of Extension Cord Safety,tbt-source-097-extend-your-knowledge-of-extension-cord-safety-v3-0-draft,3.0,DRAFT,NOT_CONTROLLED,Electrical and Hazard Communication,06-tbt-library,Tool Box Talks.zip,Reagan/English Safety Meetings Outlines/097-Extend Your Knowledge of Extension Cord Safety.pdf,"Safety Meeting Outlines, Inc.",TOPIC_HEADING_ONLY_ORIGINAL_MH_CONTENT,NO,YES,NOT_ESTABLISHED,2.2-development
legacy-tbt-098,,MANAGEMENT_REVIEW,Distractions,tbt-source-098-distractions-v3-0-draft,3.0,DRAFT,NOT_CONTROLLED,General Work Controls,06-tbt-library,Tool Box Talks.zip,Reagan/English Safety Meetings Outlines/098-Distractions.pdf,"Safety Meeting Outlines, Inc.",TOPIC_HEADING_ONLY_ORIGINAL_MH_CONTENT,NO,YES,NOT_ESTABLISHED,2.2-development
legacy-tbt-099,,MANAGEMENT_REVIEW,Protecting The Public,tbt-source-099-protecting-the-public-v3-0-draft,3.0,DRAFT,NOT_CONTROLLED,General Work Controls,06-tbt-library,Tool Box Talks.zip,Reagan/English Safety Meetings Outlines/099-Protecting The Public.pdf,"Safety Meeting Outlines, Inc.",TOPIC_HEADING_ONLY_ORIGINAL_MH_CONTENT,NO,YES,NOT_ESTABLISHED,2.2-development
legacy-tbt-100,,MANAGEMENT_REVIEW,Kids & Construction,tbt-source-100-kids-and-construction-v3-0-draft,3.0,DRAFT,NOT_CONTROLLED,General Construction Safety,06-tbt-library,Tool Box Talks.zip,Reagan/English Safety Meetings Outlines/100-Kids & Construction.pdf,"Safety Meeting Outlines, Inc.",TOPIC_HEADING_ONLY_ORIGINAL_MH_CONTENT,NO,YES,NOT_ESTABLISHED,2.2-development
legacy-tbt-101,,MANAGEMENT_REVIEW,A Rock & A Hard Place,tbt-source-101-a-rock-and-a-hard-place-v3-0-draft,3.0,DRAFT,NOT_CONTROLLED,General Construction Safety,06-tbt-library,Tool Box Talks.zip,Reagan/English Safety Meetings Outlines/101-A Rock & A Hard Place.pdf,"Safety Meeting Outlines, Inc.",TOPIC_HEADING_ONLY_ORIGINAL_MH_CONTENT,NO,YES,NOT_ESTABLISHED,2.2-development
legacy-tbt-102,,MANAGEMENT_REVIEW,Don't Make These Mistakes,tbt-source-102-don-t-make-these-mistakes-v3-0-draft,3.0,DRAFT,NOT_CONTROLLED,General Work Controls,06-tbt-library,Tool Box Talks.zip,Reagan/English Safety Meetings Outlines/102-Don't Make These Mistakes.pdf,"Safety Meeting Outlines, Inc.",TOPIC_HEADING_ONLY_ORIGINAL_MH_CONTENT,NO,YES,NOT_ESTABLISHED,2.2-development
legacy-tbt-103,,MANAGEMENT_REVIEW,Housekeeping & Cleanliness,tbt-source-103-housekeeping-and-cleanliness-v3-0-draft,3.0,DRAFT,NOT_CONTROLLED,General Work Controls,06-tbt-library,Tool Box Talks.zip,Reagan/English Safety Meetings Outlines/103-Housekeeping & Cleanlines.pdf,"Safety Meeting Outlines, Inc.",TOPIC_HEADING_ONLY_ORIGINAL_MH_CONTENT,NO,YES,NOT_ESTABLISHED,2.2-development
legacy-tbt-104,,MANAGEMENT_REVIEW,Safety Never Takes A Break,tbt-source-104-safety-never-takes-a-break-v3-0-draft,3.0,DRAFT,NOT_CONTROLLED,General Construction Safety,06-tbt-library,Tool Box Talks.zip,Reagan/English Safety Meetings Outlines/104-Safety Never Takes A Break.pdf,"Safety Meeting Outlines, Inc.",TOPIC_HEADING_ONLY_ORIGINAL_MH_CONTENT,NO,YES,NOT_ESTABLISHED,2.2-development
legacy-tbt-105,,MANAGEMENT_REVIEW,Cell Phones,tbt-source-105-cell-phones-v3-0-draft,3.0,DRAFT,NOT_CONTROLLED,General Work Controls,06-tbt-library,Tool Box Talks.zip,Reagan/English Safety Meetings Outlines/105-Cell Phones.pdf,"Safety Meeting Outlines, Inc.",TOPIC_HEADING_ONLY_ORIGINAL_MH_CONTENT,NO,YES,NOT_ESTABLISHED,2.2-development
legacy-tbt-106,,MANAGEMENT_REVIEW,Safe & Sober,tbt-source-106-safe-and-sober-v3-0-draft,3.0,DRAFT,NOT_CONTROLLED,Health and First Aid,06-tbt-library,Tool Box Talks.zip,Reagan/English Safety Meetings Outlines/106-Safe & Sober.pdf,"Safety Meeting Outlines, Inc.",TOPIC_HEADING_ONLY_ORIGINAL_MH_CONTENT,NO,YES,NOT_ESTABLISHED,2.2-development
legacy-tbt-107,,MANAGEMENT_REVIEW,Substance Abuse,tbt-source-107-substance-abuse-v3-0-draft,3.0,DRAFT,NOT_CONTROLLED,Health and First Aid,06-tbt-library,Tool Box Talks.zip,Reagan/English Safety Meetings Outlines/107-Substance Abuse.pdf,"Safety Meeting Outlines, Inc.",TOPIC_HEADING_ONLY_ORIGINAL_MH_CONTENT,NO,YES,NOT_ESTABLISHED,2.2-development
legacy-tbt-108,,MANAGEMENT_REVIEW,Security & Theft Protection,tbt-source-108-security-and-theft-protection-v3-0-draft,3.0,DRAFT,NOT_CONTROLLED,General Work Controls,06-tbt-library,Tool Box Talks.zip,Reagan/English Safety Meetings Outlines/108-Security & Theft Protection.pdf,"Safety Meeting Outlines, Inc.",TOPIC_HEADING_ONLY_ORIGINAL_MH_CONTENT,NO,YES,NOT_ESTABLISHED,2.2-development
legacy-tbt-109,,MANAGEMENT_REVIEW,Hot Weather Safety,tbt-source-109-hot-weather-safety-v3-0-draft,3.0,DRAFT,NOT_CONTROLLED,Weather and Environmental Exposure,06-tbt-library,Tool Box Talks.zip,Reagan/English Safety Meetings Outlines/109-Hot Weather Safety.pdf,"Safety Meeting Outlines, Inc.",TOPIC_HEADING_ONLY_ORIGINAL_MH_CONTENT,NO,YES,NOT_ESTABLISHED,2.2-development
legacy-tbt-110,,MANAGEMENT_REVIEW,Be Cool This Summer,tbt-source-110-be-cool-this-summer-v3-0-draft,3.0,DRAFT,NOT_CONTROLLED,General Construction Safety,06-tbt-library,Tool Box Talks.zip,Reagan/English Safety Meetings Outlines/110-Be Cool This Summer.pdf,"Safety Meeting Outlines, Inc.",TOPIC_HEADING_ONLY_ORIGINAL_MH_CONTENT,NO,YES,NOT_ESTABLISHED,2.2-development
legacy-tbt-111,,MANAGEMENT_REVIEW,Severe Weather,tbt-source-111-severe-weather-v3-0-draft,3.0,DRAFT,NOT_CONTROLLED,Weather and Environmental Exposure,06-tbt-library,Tool Box Talks.zip,Reagan/English Safety Meetings Outlines/111-Severe Weather.pdf,"Safety Meeting Outlines, Inc.",TOPIC_HEADING_ONLY_ORIGINAL_MH_CONTENT,NO,YES,NOT_ESTABLISHED,2.2-development
legacy-tbt-112,,MANAGEMENT_REVIEW,Storm Watch Be Prepared,tbt-source-112-storm-watch-be-prepared-v3-0-draft,3.0,DRAFT,NOT_CONTROLLED,Weather and Environmental Exposure,06-tbt-library,Tool Box Talks.zip,Reagan/English Safety Meetings Outlines/112-Storm Watch Be Prepared.pdf,"Safety Meeting Outlines, Inc.",TOPIC_HEADING_ONLY_ORIGINAL_MH_CONTENT,NO,YES,NOT_ESTABLISHED,2.2-development
legacy-tbt-113,,MANAGEMENT_REVIEW,"Wind, Rain & Lightning",tbt-source-113-wind-rain-and-lightning-v3-0-draft,3.0,DRAFT,NOT_CONTROLLED,Weather and Environmental Exposure,06-tbt-library,Tool Box Talks.zip,"Reagan/English Safety Meetings Outlines/113-Wind, Rain & Lightning.pdf","Safety Meeting Outlines, Inc.",TOPIC_HEADING_ONLY_ORIGINAL_MH_CONTENT,NO,YES,NOT_ESTABLISHED,2.2-development
legacy-tbt-114,,MANAGEMENT_REVIEW,Cold Weather Safety,tbt-source-114-cold-weather-safety-v3-0-draft,3.0,DRAFT,NOT_CONTROLLED,Weather and Environmental Exposure,06-tbt-library,Tool Box Talks.zip,Reagan/English Safety Meetings Outlines/114-Cold Weather Safety.pdf,"Safety Meeting Outlines, Inc.",TOPIC_HEADING_ONLY_ORIGINAL_MH_CONTENT,NO,YES,NOT_ESTABLISHED,2.2-development
legacy-tbt-115,,MANAGEMENT_REVIEW,Cold Weather,tbt-source-115-cold-weather-v3-0-draft,3.0,DRAFT,NOT_CONTROLLED,Weather and Environmental Exposure,06-tbt-library,Tool Box Talks.zip,Reagan/English Safety Meetings Outlines/115-Cold Weather.pdf,"Safety Meeting Outlines, Inc.",TOPIC_HEADING_ONLY_ORIGINAL_MH_CONTENT,NO,YES,NOT_ESTABLISHED,2.2-development
legacy-tbt-116,,MANAGEMENT_REVIEW,Skin Cancer,tbt-source-116-skin-cancer-v3-0-draft,3.0,DRAFT,NOT_CONTROLLED,Health and First Aid,06-tbt-library,Tool Box Talks.zip,Reagan/English Safety Meetings Outlines/116-Skin Cancer.pdf,"Safety Meeting Outlines, Inc.",TOPIC_HEADING_ONLY_ORIGINAL_MH_CONTENT,NO,YES,NOT_ESTABLISHED,2.2-development
legacy-tbt-117,,MANAGEMENT_REVIEW,Stay Cool When It's Hot,tbt-source-117-stay-cool-when-it-s-hot-v3-0-draft,3.0,DRAFT,NOT_CONTROLLED,Weather and Environmental Exposure,06-tbt-library,Tool Box Talks.zip,Reagan/English Safety Meetings Outlines/117-Stay Cool When It's Hot.pdf,"Safety Meeting Outlines, Inc.",TOPIC_HEADING_ONLY_ORIGINAL_MH_CONTENT,NO,YES,NOT_ESTABLISHED,2.2-development
legacy-tbt-118,,MANAGEMENT_REVIEW,Staying Cool In Hot Weather,tbt-source-118-staying-cool-in-hot-weather-v3-0-draft,3.0,DRAFT,NOT_CONTROLLED,Weather and Environmental Exposure,06-tbt-library,Tool Box Talks.zip,Reagan/English Safety Meetings Outlines/118-Staying Cool In Hot Weather.pdf,"Safety Meeting Outlines, Inc.",TOPIC_HEADING_ONLY_ORIGINAL_MH_CONTENT,NO,YES,NOT_ESTABLISHED,2.2-development
legacy-tbt-119,,MANAGEMENT_REVIEW,Ergonomics I,tbt-source-119-ergonomics-i-v3-0-draft,3.0,DRAFT,NOT_CONTROLLED,Ergonomics and Material Handling,06-tbt-library,Tool Box Talks.zip,Reagan/English Safety Meetings Outlines/119-Ergonomics I.pdf,"Safety Meeting Outlines, Inc.",TOPIC_HEADING_ONLY_ORIGINAL_MH_CONTENT,NO,YES,NOT_ESTABLISHED,2.2-development
legacy-tbt-120,,MANAGEMENT_REVIEW,Ergonomics II,tbt-source-120-ergonomics-ii-v3-0-draft,3.0,DRAFT,NOT_CONTROLLED,Ergonomics and Material Handling,06-tbt-library,Tool Box Talks.zip,Reagan/English Safety Meetings Outlines/120- Ergonomics II.pdf,"Safety Meeting Outlines, Inc.",TOPIC_HEADING_ONLY_ORIGINAL_MH_CONTENT,NO,YES,NOT_ESTABLISHED,2.2-development
legacy-tbt-121,,MANAGEMENT_REVIEW,Proper Lifting Techniques,tbt-source-121-proper-lifting-techniques-v3-0-draft,3.0,DRAFT,NOT_CONTROLLED,Ergonomics and Material Handling,06-tbt-library,Tool Box Talks.zip,Reagan/English Safety Meetings Outlines/121-Proper Lifting Techniques.pdf,"Safety Meeting Outlines, Inc.",TOPIC_HEADING_ONLY_ORIGINAL_MH_CONTENT,NO,YES,NOT_ESTABLISHED,2.2-development
legacy-tbt-122,,MANAGEMENT_REVIEW,Give Your Back A Break,tbt-source-122-give-your-back-a-break-v3-0-draft,3.0,DRAFT,NOT_CONTROLLED,Ergonomics and Material Handling,06-tbt-library,Tool Box Talks.zip,Reagan/English Safety Meetings Outlines/122-Give Your Back A Break.pdf,"Safety Meeting Outlines, Inc.",TOPIC_HEADING_ONLY_ORIGINAL_MH_CONTENT,NO,YES,NOT_ESTABLISHED,2.2-development
legacy-tbt-123,,MANAGEMENT_REVIEW,Lift Properly,tbt-source-123-lift-properly-v3-0-draft,3.0,DRAFT,NOT_CONTROLLED,Ergonomics and Material Handling,06-tbt-library,Tool Box Talks.zip,Reagan/English Safety Meetings Outlines/123-Lift Properly.pdf,"Safety Meeting Outlines, Inc.",TOPIC_HEADING_ONLY_ORIGINAL_MH_CONTENT,NO,YES,NOT_ESTABLISHED,2.2-development
legacy-tbt-124,,MANAGEMENT_REVIEW,Material Handling I,tbt-source-124-material-handling-i-v3-0-draft,3.0,DRAFT,NOT_CONTROLLED,Ergonomics and Material Handling,06-tbt-library,Tool Box Talks.zip,Reagan/English Safety Meetings Outlines/124-Material Handling I.pdf,"Safety Meeting Outlines, Inc.",TOPIC_HEADING_ONLY_ORIGINAL_MH_CONTENT,NO,YES,NOT_ESTABLISHED,2.2-development
legacy-tbt-125,,MANAGEMENT_REVIEW,Material Handling II,tbt-source-125-material-handling-ii-v3-0-draft,3.0,DRAFT,NOT_CONTROLLED,Ergonomics and Material Handling,06-tbt-library,Tool Box Talks.zip,Reagan/English Safety Meetings Outlines/125-Material Handling II.pdf,"Safety Meeting Outlines, Inc.",TOPIC_HEADING_ONLY_ORIGINAL_MH_CONTENT,NO,YES,NOT_ESTABLISHED,2.2-development
legacy-tbt-126,,MANAGEMENT_REVIEW,Handling Materials,tbt-source-126-handling-materials-v3-0-draft,3.0,DRAFT,NOT_CONTROLLED,Ergonomics and Material Handling,06-tbt-library,Tool Box Talks.zip,Reagan/English Safety Meetings Outlines/126-Handling Materials.pdf,"Safety Meeting Outlines, Inc.",TOPIC_HEADING_ONLY_ORIGINAL_MH_CONTENT,NO,YES,NOT_ESTABLISHED,2.2-development
legacy-tbt-127,,MANAGEMENT_REVIEW,"Store It, Stack It & Secure It",tbt-source-127-store-it-stack-it-and-secure-it-v3-0-draft,3.0,DRAFT,NOT_CONTROLLED,Ergonomics and Material Handling,06-tbt-library,Tool Box Talks.zip,"Reagan/English Safety Meetings Outlines/127-Store It, Stack It & Secure It.pdf","Safety Meeting Outlines, Inc.",TOPIC_HEADING_ONLY_ORIGINAL_MH_CONTENT,NO,YES,NOT_ESTABLISHED,2.2-development
legacy-tbt-128,,MANAGEMENT_REVIEW,Storage Of Flammables,tbt-source-128-storage-of-flammables-v3-0-draft,3.0,DRAFT,NOT_CONTROLLED,Ergonomics and Material Handling,06-tbt-library,Tool Box Talks.zip,Reagan/English Safety Meetings Outlines/128-Storage Of Flamibles.pdf,"Safety Meeting Outlines, Inc.",TOPIC_HEADING_ONLY_ORIGINAL_MH_CONTENT,NO,YES,NOT_ESTABLISHED,2.2-development
legacy-tbt-129,,MANAGEMENT_REVIEW,Think Before You Lift,tbt-source-129-think-before-you-lift-v3-0-draft,3.0,DRAFT,NOT_CONTROLLED,Ergonomics and Material Handling,06-tbt-library,Tool Box Talks.zip,Reagan/English Safety Meetings Outlines/129-Think Before You Lift.pdf,"Safety Meeting Outlines, Inc.",TOPIC_HEADING_ONLY_ORIGINAL_MH_CONTENT,NO,YES,NOT_ESTABLISHED,2.2-development
legacy-tbt-130,,MANAGEMENT_REVIEW,Preventing Back Injuries,tbt-source-130-preventing-back-injuries-v3-0-draft,3.0,DRAFT,NOT_CONTROLLED,Health and First Aid,06-tbt-library,Tool Box Talks.zip,Reagan/English Safety Meetings Outlines/130-Preventing Back Injuries.pdf,"Safety Meeting Outlines, Inc.",TOPIC_HEADING_ONLY_ORIGINAL_MH_CONTENT,NO,YES,NOT_ESTABLISHED,2.2-development
legacy-tbt-131,,MANAGEMENT_REVIEW,Personal Protective Equipment,tbt-source-131-personal-protective-equipment-v3-0-draft,3.0,DRAFT,NOT_CONTROLLED,Equipment and Mobile Operations,06-tbt-library,Tool Box Talks.zip,Reagan/English Safety Meetings Outlines/131-Personal Protective Equipment.pdf,"Safety Meeting Outlines, Inc.",TOPIC_HEADING_ONLY_ORIGINAL_MH_CONTENT,NO,YES,NOT_ESTABLISHED,2.2-development
legacy-tbt-132,,MANAGEMENT_REVIEW,Hard Hats I,tbt-source-132-hard-hats-i-v3-0-draft,3.0,DRAFT,NOT_CONTROLLED,General Construction Safety,06-tbt-library,Tool Box Talks.zip,Reagan/English Safety Meetings Outlines/132-Hard Hats I.pdf,"Safety Meeting Outlines, Inc.",TOPIC_HEADING_ONLY_ORIGINAL_MH_CONTENT,NO,YES,NOT_ESTABLISHED,2.2-development
legacy-tbt-133,,MANAGEMENT_REVIEW,Hard Hats II,tbt-source-133-hard-hats-ii-v3-0-draft,3.0,DRAFT,NOT_CONTROLLED,General Construction Safety,06-tbt-library,Tool Box Talks.zip,Reagan/English Safety Meetings Outlines/133-Hard Hats II.pdf,"Safety Meeting Outlines, Inc.",TOPIC_HEADING_ONLY_ORIGINAL_MH_CONTENT,NO,YES,NOT_ESTABLISHED,2.2-development
legacy-tbt-134,,MANAGEMENT_REVIEW,Eye Protection,tbt-source-134-eye-protection-v3-0-draft,3.0,DRAFT,NOT_CONTROLLED,Health and First Aid,06-tbt-library,Tool Box Talks.zip,Reagan/English Safety Meetings Outlines/134-Eye Protection.pdf,"Safety Meeting Outlines, Inc.",TOPIC_HEADING_ONLY_ORIGINAL_MH_CONTENT,NO,YES,NOT_ESTABLISHED,2.2-development
legacy-tbt-135,,MANAGEMENT_REVIEW,Safety As Far As The Eye Can See,tbt-source-135-safety-as-far-as-the-eye-can-see-v3-0-draft,3.0,DRAFT,NOT_CONTROLLED,Health and First Aid,06-tbt-library,Tool Box Talks.zip,Reagan/English Safety Meetings Outlines/135-Safety As Far As The Eye Can See.pdf,"Safety Meeting Outlines, Inc.",TOPIC_HEADING_ONLY_ORIGINAL_MH_CONTENT,NO,YES,NOT_ESTABLISHED,2.2-development
legacy-tbt-136,,MANAGEMENT_REVIEW,Noise & Your Hearing,tbt-source-136-noise-and-your-hearing-v3-0-draft,3.0,DRAFT,NOT_CONTROLLED,Weather and Environmental Exposure,06-tbt-library,Tool Box Talks.zip,Reagan/English Safety Meetings Outlines/136-Noise & Your Hearing.pdf,"Safety Meeting Outlines, Inc.",TOPIC_HEADING_ONLY_ORIGINAL_MH_CONTENT,NO,YES,NOT_ESTABLISHED,2.2-development
legacy-tbt-137,,MANAGEMENT_REVIEW,Now Hear This,tbt-source-137-now-hear-this-v3-0-draft,3.0,DRAFT,NOT_CONTROLLED,General Construction Safety,06-tbt-library,Tool Box Talks.zip,Reagan/English Safety Meetings Outlines/137-Now Hear This.pdf,"Safety Meeting Outlines, Inc.",TOPIC_HEADING_ONLY_ORIGINAL_MH_CONTENT,NO,YES,NOT_ESTABLISHED,2.2-development
legacy-tbt-138,,MANAGEMENT_REVIEW,Breathing Easy,tbt-source-138-breathing-easy-v3-0-draft,3.0,DRAFT,NOT_CONTROLLED,Weather and Environmental Exposure,06-tbt-library,Tool Box Talks.zip,Reagan/English Safety Meetings Outlines/138-Breathing Easy.pdf,"Safety Meeting Outlines, Inc.",TOPIC_HEADING_ONLY_ORIGINAL_MH_CONTENT,NO,YES,NOT_ESTABLISHED,2.2-development
legacy-tbt-139,,MANAGEMENT_REVIEW,Hand Injuries,tbt-source-139-hand-injuries-v3-0-draft,3.0,DRAFT,NOT_CONTROLLED,Health and First Aid,06-tbt-library,Tool Box Talks.zip,Reagan/English Safety Meetings Outlines/139-Hand Injuries.pdf,"Safety Meeting Outlines, Inc.",TOPIC_HEADING_ONLY_ORIGINAL_MH_CONTENT,NO,YES,NOT_ESTABLISHED,2.2-development
legacy-tbt-140,,MANAGEMENT_REVIEW,Preventing Hand Injuries,tbt-source-140-preventing-hand-injuries-v3-0-draft,3.0,DRAFT,NOT_CONTROLLED,Health and First Aid,06-tbt-library,Tool Box Talks.zip,Reagan/English Safety Meetings Outlines/140-Preventing Hand Injuries.pdf,"Safety Meeting Outlines, Inc.",TOPIC_HEADING_ONLY_ORIGINAL_MH_CONTENT,NO,YES,NOT_ESTABLISHED,2.2-development
legacy-tbt-141,,MANAGEMENT_REVIEW,Foot Protection,tbt-source-141-foot-protection-v3-0-draft,3.0,DRAFT,NOT_CONTROLLED,Ergonomics and Material Handling,06-tbt-library,Tool Box Talks.zip,Reagan/English Safety Meetings Outlines/141-Foot Protection.pdf,"Safety Meeting Outlines, Inc.",TOPIC_HEADING_ONLY_ORIGINAL_MH_CONTENT,NO,YES,NOT_ESTABLISHED,2.2-development
